Workbook

Sheet 3a Raw
A1: §3a · Raw descriptors — cross-section at month-end M (model inputs, pre-z-score)
A2: Month-end M | B2: 45626
A3: Worked name | B3: baba (Alibaba Group Holding Ltd)
A5: Position | B5: Ticker | C5: Beta | D5: Momentum | E5: Size | F5: Value | G5: Growth | H5: Leverage | I5: Liquidity | J5: ResidVol | K5: EarnYield | L5: NonLinSize | M5: mcap
A6: BBG000C2V3D6 | B6: a | C6: 0.87361464 | D6: 0.026554274 | E6: 24.391027 | F6: 0.13545564 | H6: 1.9852969 | I6: 19.248727 | J6: 0.23772176 | K6: 0.030895632 | L6: 14510.763 | M6: 3.9164113e+10
A7: BBG00B3T3HD3 | B7: aa | C7: 1.8033227 | D7: 0.51018529 | E7: 22.828019 | F7: 0.51809402 | H7: 3.4208422 | I7: 19.093715 | J7: 0.46853232 | K7: 0.010968822 | L7: 11896.101 | M7: 8.2050744e+09
A8: BBG005P7Q881 | B8: aal | C8: 1.4733478 | D8: 0.07803695 | E8: 22.978921 | F8: -0.57642672 | H8: -11.465091 | I8: 19.815722 | J8: 0.37523949 | K8: 0.084158302 | L8: 12133.578 | M8: 9.5415424e+09
A9: BBG00P2HLNY3 | B9: aami | C9: 1.060992 | D9: 0.51508679 | I9: 15.50743 | J9: 0.26056273
A10: BBG000D6VW15 | B10: aaoi | C10: 3.7852998 | D10: 0.17886792 | E10: 21.342833 | F10: 0.10036684 | H10: 2.198312 | I10: 18.075437 | J10: 1.08 | K10: -0.036080485 | L10: 9722.013 | M10: 1.8581236e+09
A11: BBG000F7RCJ1 | B11: aap | C11: 1.025517 | D11: -0.28447842 | E11: 21.594652 | F11: 1.0874267 | H11: 4.7969461 | I11: 18.524541 | J11: 0.44910923 | K11: -0.0025160835 | L11: 10070.213 | M11: 2.3902227e+09
A12: BBG000B9XRY4 | B12: aapl | C12: 0.99006686 | D12: 0.19382627 | E12: 28.902091 | F12: 0.014215086 | H12: 6.9581426 | I12: 23.115295 | J12: 0.19071514 | K12: 0.027210142 | L12: 24142.808 | M12: 3.5646635e+12
A13: BBG0025Y4RY4 | B13: abbv | C13: 0.21864573 | D13: 0.48411032 | E13: 26.451088 | F13: 0.019629067 | G13: 0.0063087754 | H13: 22.332725 | I13: 20.754524 | J13: 0.23427834 | K13: 0.0057858886 | L13: 18506.77 | M13: 3.0729938e+11
A14: BBG001Y2XS07 | B14: abnb | C14: 1.4001758 | D14: 0.066882992 | H14: 2.614615 | I14: 20.175483 | J14: 0.29223374
A15: BBG000KMVDV1 | B15: abr | C15: 0.94429018 | D15: 0.29737691 | E15: 21.553104 | F15: 1.3230331 | H15: 4.5758347 | I15: 17.195373 | J15: 0.37080436 | K15: 0.0052887733 | L15: 10012.199 | M15: 2.2929472e+09
A16: BBG000B9ZXB4 | B16: abt | C16: 0.17966905 | D16: 0.10875857 | E16: 26.02107 | F16: 0.19908211 | H16: 1.868429 | I16: 20.153192 | J16: 0.17700731 | K16: 0.0082342234 | L16: 17618.765 | M16: 1.9989742e+11
A17: BBG00VY1KB95 | B17: abx | C17: 0.58938634 | D17: 0.2521739 | H17: -5.0920199 | I17: 14.113635 | J17: 0.61163161
A18: BBG000BHG9K0 | B18: acad | C18: 1.1842599 | D18: -0.34515262 | E18: 21.722248 | F18: 0.15899559 | H18: 2.2625517 | I18: 16.858518 | J18: 0.54774547 | K18: -0.039433763 | L18: 10249.774 | M18: 2.7155156e+09
A19: acgl | B19: acgl | C19: 0.33468837 | D19: 0.17767943 | E19: 24.358087 | F19: 0.48431086 | H19: 4.0132948 | I19: 19.03911 | J19: 0.2264582 | K19: 0.019078993 | L19: 14452.053 | M19: 3.7895083e+10
A20: BBG000FPNN38 | B20: achc | C20: 0.72377813 | D20: -0.41512536 | E20: 22.051383 | F20: 0.71876283 | G20: 0.023987365 | H20: 2.1641743 | I20: 18.308433 | J20: 0.42811049 | K20: -0.057687845 | L20: 10722.783 | M20: 3.773932e+09
A21: BBG009KG1750 | B21: aci | C21: 0.33721761 | D21: -0.14842147 | E21: 23.117202 | F21: 0.25076346 | H21: 9.5436215 | I21: 17.893503 | J21: 0.16320851 | K21: 0.013279739 | L21: 12353.95 | M21: 1.0956541e+10
A22: acn | B22: acn | C22: 0.692461 | D22: 0.051699358 | E22: 26.142351 | F22: 0.11385011 | H22: 1.9945365 | I22: 20.547029 | J22: 0.21845999 | K22: 0.0087070868 | L22: 17866.271 | M22: 2.2567249e+11
A23: BBG000KF9J02 | B23: actg | C23: 1.0942907 | D23: 0.2417582 | E23: 19.909137 | F23: 1.2192942 | G23: 0.30811425 | H23: 1.3098867 | I23: 14.087236 | J23: 0.33933393 | K23: -0.017371473 | L23: 7891.4592 | M23: 4.4302517e+08
A24: BBG000BB5006 | B24: adbe | C24: 1.2101585 | D24: -0.21755785 | E24: 26.148711 | F24: 0.061868049 | H24: 2.1229806 | I24: 21.143599 | J24: 0.31008266 | K24: 0.0074148313 | L24: 17879.314 | M24: 2.2711238e+11
A25: BBG000BC9DK0 | B25: adc | C25: 0.091703593 | D25: 0.30933474 | E25: 22.733449 | F25: 0.69650779 | G25: -0.011924386 | H25: 1.4953877 | I25: 18.025558 | J25: 0.1795182 | K25: 0.016612088 | L25: 11748.867 | M25: 7.4646846e+09
A26: BBG00RBFBL50 | B26: adea | C26: 1.4234504 | D26: 0.36992526 | E26: 20.985395 | F26: 0.27438916 | H26: 3.1000779 | I26: 15.450983 | J26: 0.38386964 | K26: 0.014860419 | L26: 9241.6908 | M26: 1.2996942e+09
A27: BBG000BB6G37 | B27: adi | C27: 1.6893704 | D27: 0.23788141 | E27: 25.380965 | F27: 0.33745127 | H27: 1.3719756 | I27: 20.261717 | J27: 0.24298196 | K27: 0.026079072 | L27: 16350.251 | M27: 1.0539336e+11
A28: BBG000BB6WG8 | B28: adm | C28: 0.41527026 | D28: -0.23141421 | I28: 18.841909 | J28: 0.33382358
A29: BBG000JG0547 | B29: adp | C29: 0.3829761 | D29: 0.28674812 | E29: 25.516746 | F29: 0.044305531 | H29: 9.2568897 | I29: 19.915184 | J29: 0.14264031 | K29: 0.0071189046 | L29: 16614.065 | M29: 1.2072082e+11
A30: BBG000BM7HL0 | B30: adsk | C30: 1.4121299 | D30: 0.29927207 | E30: 24.86256 | F30: 0.018244541 | H30: 8.6986899 | I30: 19.822324 | J30: 0.21253953 | K30: 0.0025653896 | L30: 15368.714 | M30: 6.2758499e+10
A31: BBG000BP9WJ1 | B31: adt | C31: 1.0860454 | D31: 0.26286156 | E31: 22.429231 | F31: 0.61618553 | H31: 4.7403063 | I31: 17.611741 | J31: 0.36684824 | K31: 0.056494104 | L31: 11283.482 | M31: 5.5066986e+09
A32: BBG000B9X8C0 | B32: aee | C32: 0.059851058 | D32: 0.16218727 | E32: 23.899851 | F32: 0.49376634 | H32: 3.659089 | I32: 18.607125 | J32: 0.19606201 | K32: -0.0025036745 | L32: 13651.664 | M32: 2.3964777e+10
A33: BBG000FKMP26 | B33: aeis | C33: 2.0119865 | D33: 0.1450207 | E33: 22.186314 | F33: 0.24687225 | G33: 0.0091755296 | H33: 2.0565768 | I33: 17.019709 | J33: 0.24866348 | K33: 0.0075758764 | L33: 10920.825 | M33: 4.3191042e+09
A34: BBG000DLVDK3 | B34: aem | C34: 0.80988525 | D34: 0.63787387 | E34: 23.381917 | F34: 0.23886019 | H34: 1.5412068 | I34: 19.053526 | J34: 0.2850789 | L34: 12783.223 | M34: 1.4277021e+10
A35: BBG000BGXZB5 | B35: aeo | C35: 1.2304208 | D35: 0.054034918 | E35: 21.978967 | F35: 0.46121902 | G35: 0.069232209 | H35: 2.1975749 | I35: 18.16479 | J35: 0.33351766 | K35: 0.013836434 | L35: 10617.489 | M35: 3.5102975e+09
A36: BBG000BB9KF2 | B36: aep | C36: 0.029154253 | D36: 0.27944941 | E36: 24.647617 | F36: 0.52582538 | H36: 3.7614155 | I36: 19.40007 | J36: 0.18891292 | K36: 0.018998334 | L36: 14973.551 | M36: 5.0620227e+10
A37: BBG000C23KJ3 | B37: aes | C37: 0.75076649 | D37: -0.012900032 | E37: 22.866613 | F37: 0.38579104 | G37: -0.020357822 | H37: 15.221581 | I37: 18.964239 | J37: 0.37252989 | K37: 0.040220768 | L37: 11956.54 | M37: 8.5279325e+09
A38: BBG000BBBNC6 | B38: afl | C38: 0.28680438 | D38: 0.28844669 | E38: 24.839436 | F38: 0.35850618 | H38: 5.8422561 | I38: 19.258365 | J38: 0.19877168 | K38: 0.030640578 | L38: 15325.871 | M38: 6.1323909e+10
A39: BBG00Y7BP8Y1 | B39: afrm | C39: 2.7434539 | D39: 0.27433882 | E39: 22.145735 | F39: 0.68370721 | G39: 0.20578008 | H39: 3.5757015 | I39: 20.047543 | J39: 0.73518784 | K39: -0.041419959 | L39: 10861.012 | M39: 4.1473484e+09
A40: BBG000QY4ZD0 | B40: agio | C40: 1.4308714 | D40: 0.99865053 | E40: 21.943217 | F40: 0.30602861 | H40: 0.90409502 | I40: 17.147209 | J40: 0.50935351 | K40: -0.023920119 | L40: 10565.764 | M40: 3.3870232e+09
A41: BBG000TJ8XZ7 | B41: agnc | C41: 0.72040371 | D41: 0.20791481 | E41: 22.653669 | F41: 1.141856 | H41: 9.0973316 | I41: 18.783144 | J41: 0.18256381 | K41: -0.037288054 | L41: 11625.607 | M41: 6.8922878e+09
A42: BBG000BR74W6 | B42: agys | C42: 1.3400449 | D42: 0.16203979 | E42: 22.046022 | F42: 0.067711158 | H42: 1.3787175 | I42: 17.012842 | J42: 0.36645637 | K42: 0.0012107881 | L42: 10714.964 | M42: 3.7537536e+09
A43: BBG000BBDZG3 | B43: aig | C43: 0.70997517 | D43: 0.17753855 | E43: 24.560982 | F43: 0.97026328 | H43: 11.9742 | I43: 19.491938 | J43: 0.18063204 | K43: -0.049591378 | L43: 14816.213 | M43: 4.641936e+10
A44: BBG000BN06C9 | B44: aii
A45: BBG000BBGQF1 | B45: air | C45: 1.2409673 | D45: -0.15295818 | E45: 21.622887 | F45: 0.34372207 | H45: 1.7926873 | I45: 16.766428 | J45: 0.29928224 | K45: 0.029650147 | L45: 10109.765 | M45: 2.4586725e+09
A46: BBG0026ZDGG4 | B46: airg | C46: 0.55250441 | D46: 2.8625 | E46: 18.426931 | F46: 0.36847982 | H46: 1.1665363 | I46: 12.749939 | J46: 0.58517839 | K46: -0.021912619 | L46: 6256.897 | M46: 1.0062695e+08
A47: BBG01FRGW2W5 | B47: airo
A48: aiz | B48: aiz | C48: 0.50483629 | D48: 0.15482198 | E48: 23.152046 | F48: 0.39541542 | H48: 7.8761257 | I48: 18.094016 | J48: 0.18295795 | K48: 0.049263861 | L48: 12409.895 | M48: 1.134503e+10
A49: BBG000BBHXQ3 | B49: ajg | C49: 0.30207515 | D49: 0.13709843 | E49: 24.933108 | F49: 0.18091672 | H49: 4.3667022 | I49: 19.391475 | J49: 0.18218567 | K49: 0.0041680337 | L49: 15499.913 | M49: 6.7345904e+10
A50: BBG000BJQWD2 | B50: akam | C50: 0.73079093 | D50: -0.12507571 | E50: 23.371165 | F50: 0.33662994 | H50: 2.1432495 | I50: 18.917892 | J50: 0.27852424 | K50: 0.025842835 | L50: 12765.596 | M50: 1.4124341e+10
A51: BBG00ZQS8KZ1 | B51: akts
A52: BBG00TDKHW99 | B52: alab | C52: 2.6798768 | E52: 23.519118 | F52: -0.0071603514 | H52: -8.3834917 | I52: 19.644901 | J52: 0.85421151 | K52: -0.00046365019 | L52: 13009.574 | M52: 1.6376571e+10
A53: BBG000BJ26K7 | B53: alb | C53: 1.964719 | D53: -0.20757252 | E53: 23.234702 | F53: 0.83104111 | H53: 1.704509 | I53: 19.266024 | J53: 0.53387762 | K53: 0.17781591 | L53: 12543.285 | M53: 1.2322609e+10
A54: BBG000BRNLL2 | B54: algn | C54: 1.4725092 | D54: -0.041019664 | E54: 23.578413 | F54: 0.2093746 | H54: 1.7497106 | I54: 19.007964 | J54: 0.34614481 | K54: 0.01827445 | L54: 13108.22 | M54: 1.7376993e+10
A55: BBG00ZJ0DSR6 | B55: alhc | C55: 0.76760328 | D55: 0.65333328 | E55: 21.605912 | F55: 0.047387823 | H55: 5.1670013 | I55: 16.841204 | J55: 0.7004208 | K55: -0.040104453 | L55: 10085.973 | M55: 2.4172877e+09
A56: BBG00H00J2N1 | B56: alit | C56: 0.94292609 | D56: -0.094117679 | E56: 21.950971 | F56: 1.2661908 | H56: 2.4946784 | I56: 17.382682 | J56: 0.36587795 | K56: -0.021679343 | L56: 10576.969 | M56: 3.4133876e+09
A57: BBG000BBL0Y1 | B57: alk | C57: 1.0698158 | D57: 0.26712505 | E57: 22.621977 | F57: 0.59170768 | G57: 0.000770238 | H57: 4.9503923 | I57: 18.469125 | J57: 0.33636795 | K57: 0.035343714 | L57: 11576.884 | M57: 6.6772836e+09
A58: BBG005HTCT54 | B58: alkt | C58: 1.5510968 | D58: 0.6078173 | E58: 22.101176 | F58: 0.084214628 | H58: 1.2638768 | I58: 17.084238 | J58: 0.34133146 | K58: -0.012655665 | L58: 10795.584 | M58: 3.9666031e+09
A59: BBG000BVMGF2 | B59: all | C59: 0.15314672 | D59: 0.37506358 | E59: 24.69936 | F59: 0.39162681 | G59: 0.01223756 | H59: 5.4482445 | I59: 19.453003 | J59: 0.20732462 | K59: -0.031458455 | L59: 15068.051 | M59: 5.3308404e+10
A60: alle | B60: alle | C60: 0.73915864 | D60: 0.33577759 | E60: 23.216234 | F60: 0.10897632 | H60: 3.2704999 | I60: 18.546559 | J60: 0.19846546 | K60: 0.039926846 | L60: 12513.399 | M60: 1.2097124e+10
A61: BBG000BC2R71 | B61: ally | C61: 1.2892039 | D61: 0.22668478 | E61: 23.176937 | F61: 1.1055827 | H61: 15.272727 | I61: 18.75472 | J61: 0.32785713 | K61: 0.069469695 | L61: 12449.965 | M61: 1.1630971e+10
A62: BBG000BFGNJ5 | B62: alny | C62: 0.54391752 | D62: 0.58448735 | E62: 24.208841 | F62: -9.3961002e-05 | H62: -1371.0598 | I62: 19.192291 | J62: 0.49849297 | K62: -0.009263507 | L62: 14188.027 | M62: 3.2641202e+10
A63: BBG007GNPYY7 | B63: alrm | C63: 1.16307 | D63: -0.021108622 | E63: 21.892589 | F63: 0.20046797 | G63: 0.67392615 | H63: 2.2302589 | I63: 16.991832 | J63: 0.25759939 | K63: 0.0028197306 | L63: 10492.799 | M63: 3.2198111e+09
A64: BBG001KY3845 | B64: alsn | C64: 1.0212609 | D64: 1.0173282 | E64: 23.035409 | F64: 0.16055795 | H64: 3.0999383 | I64: 17.874991 | J64: 0.25189887 | K64: 0.015649695 | L64: 12223.281 | M64: 1.0096043e+10
A65: BBG000BBPFB9 | B65: amat | C65: 2.3541486 | D65: 0.21891157 | E65: 25.68085 | F65: 0.085722504 | H65: 2.7593079 | I65: 20.912069 | J65: 0.31158492 | K65: 0.011985966 | L65: 16936.676 | M65: 1.422497e+11
A66: amcr | B66: amcr | C66: 0.45123434 | D66: 0.21887044 | E66: 25.00959 | F66: 0.053384691 | H66: 4.2576655 | I66: 18.415043 | J66: 0.21710688 | K66: 0.0026272806 | L66: 15642.988 | M66: 7.2698745e+10
A67: BBG000H01H92 | B67: amcx | C67: 0.80714403 | D67: -0.4685039 | G67: 0.011855917 | H67: 4.6041738 | I67: 16.230423 | J67: 0.70707884
A68: BBG000BBQCY0 | B68: amd | C68: 2.3068135 | D68: 0.18908883 | E68: 26.128717 | F68: 0.25106832 | G68: 0.066838827 | H68: 1.2459028 | I68: 22.378415 | J68: 0.39523786 | K68: 0.0013431158 | L68: 17838.333 | M68: 2.226167e+11
A69: BBG000B9XG87 | B69: ame | C69: 0.68049024 | D69: 0.18871306 | E69: 24.519334 | F69: 0.1960705 | G69: 0.05981243 | H69: 1.6915597 | I69: 19.199839 | J69: 0.19982391 | K69: 0.021792411 | L69: 14740.968 | M69: 4.4525775e+10
A70: BBG000C060M4 | B70: amg | C70: 0.9936322 | D70: 0.43074045 | E70: 22.45791 | F70: 0.58520403 | H70: 2.6846184 | I70: 17.333928 | J70: 0.21330907 | K70: 0.084137527 | L70: 11326.821 | M70: 5.6669125e+09
A71: BBG000BBS2Y0 | B71: amgn | C71: 0.69429789 | D71: 0.2135335 | E71: 25.701027 | F71: 0.03684487 | H71: 16.993829 | I71: 20.450733 | J71: 0.24358851 | K71: 0.0095005751 | L71: 16976.629 | M71: 1.4514911e+11
A72: BBG000G3QLY3 | B72: amp | C72: 0.86709778 | D72: 0.45904933 | E72: 24.723624 | F72: 0.070032247 | H72: 45.801569 | I72: 19.197202 | J72: 0.18086974 | K72: 0.039895494 | L72: 15112.502 | M72: 5.4617697e+10
A73: BBG000B9XYV2 | B73: amt | C73: -0.065999755 | D73: 0.056429165 | E73: 25.251514 | F73: 0.03932883 | H73: 17.249307 | I73: 19.980813 | J73: 0.23882127 | K73: 0.0090684073 | L73: 16101.349 | M73: 9.2596194e+10
A74: BBG01NY7B734 | B74: amtm
A75: BBG000BVPV84 | B75: amzn | C75: 1.5316932 | D75: 0.27592579 | E75: 28.413079 | F75: 0.11855218 | H75: 2.255928 | I75: 22.71974 | J75: 0.20207943 | K75: 0.0045192842 | L75: 22937.965 | M75: 2.1859656e+12
A76: BBG000BBXLW4 | B76: an | C76: 1.3493893 | D76: 0.14933094 | E76: 22.682277 | F76: 0.30782639 | H76: 5.487358 | I76: 18.204401 | J76: 0.27633201 | K76: 0.040706064 | L76: 11669.707 | M76: 7.0923094e+09
A77: BBG0026ZDHR0 | B77: anab | C77: 1.3523068 | D77: 0.52970289 | E77: 20.042706 | F77: 0.29318635 | H77: 3.0474166 | I77: 16.246074 | J77: 0.64311757 | K77: -0.078693232 | L77: 8051.3562 | M77: 5.0633325e+08
A78: BBG01XG59BR4 | B78: andg
A79: anet | B79: anet | C79: 2.2227309 | D79: 0.75886391 | E79: 24.187508 | F79: 0.18332313 | H79: 1.6997858 | I79: 20.3948 | J79: 0.29280347 | K79: 0.017066948 | L79: 14150.551 | M79: 3.1952226e+10
A80: BBG000H9G7X2 | B80: anf | C80: 1.5819509 | D80: 0.73659236 | E80: 22.757444 | F80: 0.15779907 | H80: 2.4651213 | I80: 19.282234 | J80: 0.52366026 | K80: 0.032306979 | L80: 11786.109 | M80: 7.6459641e+09
A81: aon | B81: aon | C81: 0.32641981 | D81: 0.12414544 | E81: 25.153453 | F81: 0.074380116 | H81: 7.9892697 | I81: 19.644811 | J81: 0.2076229 | K81: 0.024610717 | L81: 15914.495 | M81: 8.3947167e+10
A82: aos | B82: aos | C82: 0.79649487 | D82: 0.012644051 | E82: 22.422403 | F82: 0.33723224 | G82: -0.01357268 | H82: 1.7101496 | I82: 18.201472 | J82: 0.21773859 | K82: 0.024756694 | L82: 11273.181 | M82: 5.4692279e+09
A83: apa | B83: apa | C83: 0.57445379 | D83: -0.32192981 | E83: 22.781365 | F83: 0.33903404 | H83: 5.7416196 | I83: 18.805655 | J83: 0.34676637 | L83: 11823.314 | M83: 7.8310721e+09
A84: BBG000BC4JJ4 | B84: apd | C84: 0.36573871 | D84: 0.17866026 | E84: 24.993338 | F84: 0.23818346 | H84: 2.3229302 | I84: 19.914571 | J84: 0.27601986 | K84: 0.032158577 | L84: 15612.512 | M84: 7.1526797e+10
A85: BBG00HXKRGY9 | B85: apg | C85: 1.4715237 | D85: 0.12487644 | E85: 22.657781 | F85: 0.42871475 | H85: 2.5581395 | I85: 17.844872 | J85: 0.23519175 | K85: 0.0037568532 | L85: 11631.939 | M85: 6.9206857e+09
A86: aph | B86: aph | C86: 1.5054673 | D86: 0.48560935 | E86: 25.184074 | F86: 0.10920498 | H86: 2.0720021 | I86: 19.928238 | J86: 0.18173934 | K86: 0.0059371001 | L86: 15972.686 | M86: 8.6557409e+10
A87: BBG000DSJYS8 | B87: apld | C87: 3.2042994 | D87: 0.4475375 | E87: 21.500353 | F87: 0.11118706 | H87: 3.877393 | I87: 18.644439 | J87: 1.275113 | K87: -0.068627709 | L87: 9938.8645 | M87: 2.1751272e+09
A88: BBG00ZNLTFK3 | B88: apo | C88: 1.4305458 | D88: 0.57595161 | E88: 25.296479 | F88: 0.18443072 | H88: 20.639814 | I88: 19.924191 | J88: 0.26100564 | K88: 0.0070414683 | L88: 16187.516 | M88: 9.6854799e+10
A89: app | B89: app | C89: 2.5240904 | D89: 3.5194771 | E89: 25.463464 | F89: 0.016623531 | H89: 2.8166562 | I89: 20.809592 | J89: 0.6913097 | K89: -3.9473391e-05 | L89: 16510.204 | M89: 114456850266
A90: aptv | B90: aptv | C90: 1.3269867 | D90: -0.3139787 | E90: 23.292172 | F90: 0.68053302 | H90: 2.788336 | I90: 19.263934 | J90: 0.36111633 | K90: 0.11638478 | L90: 12636.591 | M90: 1.3051534e+10
A91: BBG000PD6X77 | B91: arcc | C91: 0.41929837 | D91: 0.17139179 | E91: 23.245892 | F91: 0.95271149 | H91: 2.004717 | I91: 17.951702 | J91: 0.1021925 | K91: 0.031617952 | L91: 12561.417 | M91: 1.2461275e+10
A92: BBG00DM203B3 | B92: ardt | E92: 21.547823 | F92: 0.44100271 | H92: 4.7720023 | K92: 0.042150139 | L92: 10004.841 | M92: 2.2808703e+09
A93: BBG000BC33T9 | B93: are | C93: 0.90663274 | D93: 0.063586076 | E93: 23.589762 | F93: 1.0509722 | H93: 1.9907451 | I93: 18.678774 | J93: 0.26740553 | K93: 0.021916754 | L93: 13127.156 | M93: 1.7575322e+10
A94: BBG0068KVV91 | B94: ares | C94: 1.2212555 | D94: 0.53471195 | E94: 23.582235 | F94: 0.10854449 | H94: 13.061431 | I94: 19.053845 | J94: 0.22086979 | K94: 0.023437745 | L94: 13114.595 | M94: 1.7443529e+10
A95: BBG00GHB88X9 | B95: argx | C95: 0.77415468 | D95: 0.30112516 | I95: 18.875593 | J95: 0.41686481
A96: BBG01J1GXZF0 | B96: arm | C96: 3.4044638 | D96: 1.297561 | E96: 25.662806 | F96: 0.043033234 | H96: 1.3449767 | I96: 20.523813 | J96: 0.78370433 | K96: -0.0007873679 | L96: 16901.001 | M96: 1.3970598e+11
A97: BBG001KY4N87 | B97: armk | C97: 0.86153511 | D97: 0.3623666 | E97: 23.077978 | F97: 0.25845721 | H97: 4.6547803 | I97: 18.186971 | J97: 0.20709814 | K97: 0.018460578 | L97: 12291.171 | M97: 1.0535098e+10
A98: BBG001V4SF46 | B98: arry | C98: 1.2048143 | D98: -0.57789269 | E98: 20.742615 | F98: 0.23383154 | H98: 6.5566443 | I98: 17.562906 | J98: 0.73598597 | K98: -0.11131617 | L98: 8924.636 | M98: 1.0195374e+09
A99: BBG000BCFQC3 | B99: asb | C99: 1.1949447 | D99: 0.37994175 | E99: 22.055305 | F99: 1.0881848 | H99: 9.9483649 | I99: 17.44868 | J99: 0.30017786 | K99: 0.021972346 | L99: 10728.505 | M99: 3.7887626e+09
A100: BBG00D0Y81M1 | B100: ash | C100: 0.7229681 | D100: 0.071715913 | E100: 21.981466 | F100: 0.81498486 | H100: 1.9682706 | I100: 17.361052 | J100: 0.2721135 | K100: 0.14350326 | L100: 10621.112 | M100: 3.5190838e+09
A101: BBG00X7L1C14 | B101: aso | C101: 0.96532259 | D101: 0.0069049332 | E101: 21.949898 | F101: 0.47754742 | H101: 2.8713374 | I101: 18.129859 | J101: 0.34509072 | K101: 0.027559397 | L101: 10575.417 | M101: 3.4097263e+09
...

Sheet 3b-d Exposures
A1: §3b–d · Cross-sectional winsorised z-score -> loadings (live formulas)
A2: Per descriptor: med = MEDIAN; MAD = 1.4826·MEDIAN(|x−med|) (array, blanks excluded); z = clip((x−med)/MAD, ±3); loading = (z − mean)/std. (d) screen flags std ≤ 0.05.
A3: med / MAD / screen below each factor | B3: =MEDIAN('3a Raw'!C6:C1198) | D3: =MEDIAN('3a Raw'!D6:D1198) | F3: =MEDIAN('3a Raw'!E6:E1198) | H3: =MEDIAN('3a Raw'!F6:F1198) | J3: =MEDIAN('3a Raw'!G6:G1198) | L3: =MEDIAN('3a Raw'!H6:H1198) | N3: =MEDIAN('3a Raw'!I6:I1198) | P3: =MEDIAN('3a Raw'!J6:J1198) | R3: =MEDIAN('3a Raw'!K6:K1198) | T3: =MEDIAN('3a Raw'!L6:L1198) | V3: =SLOPE(U6:U1198,G6:G1198) | W3: =INTERCEPT(U6:U1198,G6:G1198) | X3: =MEDIAN(X6:X1198)
B4: {=1.4826*MEDIAN(IF('3a Raw'!C6:C1198<>"",ABS('3a Raw'!C6:C1198-B3)))} | D4: {=1.4826*MEDIAN(IF('3a Raw'!D6:D1198<>"",ABS('3a Raw'!D6:D1198-D3)))} | F4: {=1.4826*MEDIAN(IF('3a Raw'!E6:E1198<>"",ABS('3a Raw'!E6:E1198-F3)))} | H4: {=1.4826*MEDIAN(IF('3a Raw'!F6:F1198<>"",ABS('3a Raw'!F6:F1198-H3)))} | J4: {=1.4826*MEDIAN(IF('3a Raw'!G6:G1198<>"",ABS('3a Raw'!G6:G1198-J3)))} | L4: {=1.4826*MEDIAN(IF('3a Raw'!H6:H1198<>"",ABS('3a Raw'!H6:H1198-L3)))} | N4: {=1.4826*MEDIAN(IF('3a Raw'!I6:I1198<>"",ABS('3a Raw'!I6:I1198-N3)))} | P4: {=1.4826*MEDIAN(IF('3a Raw'!J6:J1198<>"",ABS('3a Raw'!J6:J1198-P3)))} | R4: {=1.4826*MEDIAN(IF('3a Raw'!K6:K1198<>"",ABS('3a Raw'!K6:K1198-R3)))} | T4: {=1.4826*MEDIAN(IF('3a Raw'!L6:L1198<>"",ABS('3a Raw'!L6:L1198-T3)))} | X4: {=1.4826*MEDIAN(IF(X6:X1198<>"",ABS(X6:X1198-X3)))}
A5: screen std (drop ≤0.05) → | B5: =STDEV(C6:C1198) | C5: Beta | D5: =STDEV(E6:E1198) | E5: Momentum | F5: =STDEV(G6:G1198) | G5: Size | H5: =STDEV(I6:I1198) | I5: Value | J5: =STDEV(K6:K1198) | K5: Growth | L5: =STDEV(M6:M1198) | M5: Leverage | N5: =STDEV(O6:O1198) | O5: Liquidity | P5: =STDEV(Q6:Q1198) | Q5: ResidVol | R5: =STDEV(S6:S1198) | S5: EarnYield | T5: =STDEV(U6:U1198) | U5: NonLinSize | V5: NonLinSize ⟂Size: slope | W5: intercept | X5: resid | Y5: z resid | Z5: NonLinSize (final) | AC5: Worked-name loading (ref, pandas) | AD5: =frame loading?
A6: BBG000C2V3D6 | B6: =IF('3a Raw'!C6="","",MAX(-3,MIN(3,('3a Raw'!C6-$B3)/$B4))) | C6: =IF(B6="","",(B6-AVERAGE(B6:B1198))/(STDEV(B6:B1198)+1E-12)) | D6: =IF('3a Raw'!D6="","",MAX(-3,MIN(3,('3a Raw'!D6-$D3)/$D4))) | E6: =IF(D6="","",(D6-AVERAGE(D6:D1198))/(STDEV(D6:D1198)+1E-12)) | F6: =IF('3a Raw'!E6="","",MAX(-3,MIN(3,('3a Raw'!E6-$F3)/$F4))) | G6: =IF(F6="","",(F6-AVERAGE(F6:F1198))/(STDEV(F6:F1198)+1E-12)) | H6: =IF('3a Raw'!F6="","",MAX(-3,MIN(3,('3a Raw'!F6-$H3)/$H4))) | I6: =IF(H6="","",(H6-AVERAGE(H6:H1198))/(STDEV(H6:H1198)+1E-12)) | J6: =IF('3a Raw'!G6="","",MAX(-3,MIN(3,('3a Raw'!G6-$J3)/$J4))) | K6: =IF(J6="","",(J6-AVERAGE(J6:J1198))/(STDEV(J6:J1198)+1E-12)) | L6: =IF('3a Raw'!H6="","",MAX(-3,MIN(3,('3a Raw'!H6-$L3)/$L4))) | M6: =IF(L6="","",(L6-AVERAGE(L6:L1198))/(STDEV(L6:L1198)+1E-12)) | N6: =IF('3a Raw'!I6="","",MAX(-3,MIN(3,('3a Raw'!I6-$N3)/$N4))) | O6: =IF(N6="","",(N6-AVERAGE(N6:N1198))/(STDEV(N6:N1198)+1E-12)) | P6: =IF('3a Raw'!J6="","",MAX(-3,MIN(3,('3a Raw'!J6-$P3)/$P4))) | Q6: =IF(P6="","",(P6-AVERAGE(P6:P1198))/(STDEV(P6:P1198)+1E-12)) | R6: =IF('3a Raw'!K6="","",MAX(-3,MIN(3,('3a Raw'!K6-$R3)/$R4))) | S6: =IF(R6="","",(R6-AVERAGE(R6:R1198))/(STDEV(R6:R1198)+1E-12)) | T6: =IF('3a Raw'!L6="","",MAX(-3,MIN(3,('3a Raw'!L6-$T3)/$T4))) | U6: =IF(T6="","",(T6-AVERAGE(T6:T1198))/(STDEV(T6:T1198)+1E-12)) | X6: =IF(U6="","",U6-($V$3*G6+$W$3)) | Y6: =IF(X6="","",MAX(-3,MIN(3,(X6-$X3)/$X4))) | Z6: =IF(Y6="","",(Y6-AVERAGE(Y6:Y1198))/(STDEV(Y6:Y1198)+1E-12)) | AB6: Beta | AC6: -0.59884271 | AD6: -0.59884271
A7: BBG00B3T3HD3 | B7: =IF('3a Raw'!C7="","",MAX(-3,MIN(3,('3a Raw'!C7-$B3)/$B4))) | C7: =IF(B7="","",(B7-AVERAGE(B6:B1198))/(STDEV(B6:B1198)+1E-12)) | D7: =IF('3a Raw'!D7="","",MAX(-3,MIN(3,('3a Raw'!D7-$D3)/$D4))) | E7: =IF(D7="","",(D7-AVERAGE(D6:D1198))/(STDEV(D6:D1198)+1E-12)) | F7: =IF('3a Raw'!E7="","",MAX(-3,MIN(3,('3a Raw'!E7-$F3)/$F4))) | G7: =IF(F7="","",(F7-AVERAGE(F6:F1198))/(STDEV(F6:F1198)+1E-12)) | H7: =IF('3a Raw'!F7="","",MAX(-3,MIN(3,('3a Raw'!F7-$H3)/$H4))) | I7: =IF(H7="","",(H7-AVERAGE(H6:H1198))/(STDEV(H6:H1198)+1E-12)) | J7: =IF('3a Raw'!G7="","",MAX(-3,MIN(3,('3a Raw'!G7-$J3)/$J4))) | K7: =IF(J7="","",(J7-AVERAGE(J6:J1198))/(STDEV(J6:J1198)+1E-12)) | L7: =IF('3a Raw'!H7="","",MAX(-3,MIN(3,('3a Raw'!H7-$L3)/$L4))) | M7: =IF(L7="","",(L7-AVERAGE(L6:L1198))/(STDEV(L6:L1198)+1E-12)) | N7: =IF('3a Raw'!I7="","",MAX(-3,MIN(3,('3a Raw'!I7-$N3)/$N4))) | O7: =IF(N7="","",(N7-AVERAGE(N6:N1198))/(STDEV(N6:N1198)+1E-12)) | P7: =IF('3a Raw'!J7="","",MAX(-3,MIN(3,('3a Raw'!J7-$P3)/$P4))) | Q7: =IF(P7="","",(P7-AVERAGE(P6:P1198))/(STDEV(P6:P1198)+1E-12)) | R7: =IF('3a Raw'!K7="","",MAX(-3,MIN(3,('3a Raw'!K7-$R3)/$R4))) | S7: =IF(R7="","",(R7-AVERAGE(R6:R1198))/(STDEV(R6:R1198)+1E-12)) | T7: =IF('3a Raw'!L7="","",MAX(-3,MIN(3,('3a Raw'!L7-$T3)/$T4))) | U7: =IF(T7="","",(T7-AVERAGE(T6:T1198))/(STDEV(T6:T1198)+1E-12)) | X7: =IF(U7="","",U7-($V$3*G7+$W$3)) | Y7: =IF(X7="","",MAX(-3,MIN(3,(X7-$X3)/$X4))) | Z7: =IF(Y7="","",(Y7-AVERAGE(Y6:Y1198))/(STDEV(Y6:Y1198)+1E-12)) | AB7: Momentum | AC7: 0.38457768 | AD7: 0.38457768
A8: BBG005P7Q881 | B8: =IF('3a Raw'!C8="","",MAX(-3,MIN(3,('3a Raw'!C8-$B3)/$B4))) | C8: =IF(B8="","",(B8-AVERAGE(B6:B1198))/(STDEV(B6:B1198)+1E-12)) | D8: =IF('3a Raw'!D8="","",MAX(-3,MIN(3,('3a Raw'!D8-$D3)/$D4))) | E8: =IF(D8="","",(D8-AVERAGE(D6:D1198))/(STDEV(D6:D1198)+1E-12)) | F8: =IF('3a Raw'!E8="","",MAX(-3,MIN(3,('3a Raw'!E8-$F3)/$F4))) | G8: =IF(F8="","",(F8-AVERAGE(F6:F1198))/(STDEV(F6:F1198)+1E-12)) | H8: =IF('3a Raw'!F8="","",MAX(-3,MIN(3,('3a Raw'!F8-$H3)/$H4))) | I8: =IF(H8="","",(H8-AVERAGE(H6:H1198))/(STDEV(H6:H1198)+1E-12)) | J8: =IF('3a Raw'!G8="","",MAX(-3,MIN(3,('3a Raw'!G8-$J3)/$J4))) | K8: =IF(J8="","",(J8-AVERAGE(J6:J1198))/(STDEV(J6:J1198)+1E-12)) | L8: =IF('3a Raw'!H8="","",MAX(-3,MIN(3,('3a Raw'!H8-$L3)/$L4))) | M8: =IF(L8="","",(L8-AVERAGE(L6:L1198))/(STDEV(L6:L1198)+1E-12)) | N8: =IF('3a Raw'!I8="","",MAX(-3,MIN(3,('3a Raw'!I8-$N3)/$N4))) | O8: =IF(N8="","",(N8-AVERAGE(N6:N1198))/(STDEV(N6:N1198)+1E-12)) | P8: =IF('3a Raw'!J8="","",MAX(-3,MIN(3,('3a Raw'!J8-$P3)/$P4))) | Q8: =IF(P8="","",(P8-AVERAGE(P6:P1198))/(STDEV(P6:P1198)+1E-12)) | R8: =IF('3a Raw'!K8="","",MAX(-3,MIN(3,('3a Raw'!K8-$R3)/$R4))) | S8: =IF(R8="","",(R8-AVERAGE(R6:R1198))/(STDEV(R6:R1198)+1E-12)) | T8: =IF('3a Raw'!L8="","",MAX(-3,MIN(3,('3a Raw'!L8-$T3)/$T4))) | U8: =IF(T8="","",(T8-AVERAGE(T6:T1198))/(STDEV(T6:T1198)+1E-12)) | X8: =IF(U8="","",U8-($V$3*G8+$W$3)) | Y8: =IF(X8="","",MAX(-3,MIN(3,(X8-$X3)/$X4))) | Z8: =IF(Y8="","",(Y8-AVERAGE(Y6:Y1198))/(STDEV(Y6:Y1198)+1E-12)) | AB8: Size | AC8: 2.8070623 | AD8: 2.8070623
A9: BBG00P2HLNY3 | B9: =IF('3a Raw'!C9="","",MAX(-3,MIN(3,('3a Raw'!C9-$B3)/$B4))) | C9: =IF(B9="","",(B9-AVERAGE(B6:B1198))/(STDEV(B6:B1198)+1E-12)) | D9: =IF('3a Raw'!D9="","",MAX(-3,MIN(3,('3a Raw'!D9-$D3)/$D4))) | E9: =IF(D9="","",(D9-AVERAGE(D6:D1198))/(STDEV(D6:D1198)+1E-12)) | F9: =IF('3a Raw'!E9="","",MAX(-3,MIN(3,('3a Raw'!E9-$F3)/$F4))) | G9: =IF(F9="","",(F9-AVERAGE(F6:F1198))/(STDEV(F6:F1198)+1E-12)) | H9: =IF('3a Raw'!F9="","",MAX(-3,MIN(3,('3a Raw'!F9-$H3)/$H4))) | I9: =IF(H9="","",(H9-AVERAGE(H6:H1198))/(STDEV(H6:H1198)+1E-12)) | J9: =IF('3a Raw'!G9="","",MAX(-3,MIN(3,('3a Raw'!G9-$J3)/$J4))) | K9: =IF(J9="","",(J9-AVERAGE(J6:J1198))/(STDEV(J6:J1198)+1E-12)) | L9: =IF('3a Raw'!H9="","",MAX(-3,MIN(3,('3a Raw'!H9-$L3)/$L4))) | M9: =IF(L9="","",(L9-AVERAGE(L6:L1198))/(STDEV(L6:L1198)+1E-12)) | N9: =IF('3a Raw'!I9="","",MAX(-3,MIN(3,('3a Raw'!I9-$N3)/$N4))) | O9: =IF(N9="","",(N9-AVERAGE(N6:N1198))/(STDEV(N6:N1198)+1E-12)) | P9: =IF('3a Raw'!J9="","",MAX(-3,MIN(3,('3a Raw'!J9-$P3)/$P4))) | Q9: =IF(P9="","",(P9-AVERAGE(P6:P1198))/(STDEV(P6:P1198)+1E-12)) | R9: =IF('3a Raw'!K9="","",MAX(-3,MIN(3,('3a Raw'!K9-$R3)/$R4))) | S9: =IF(R9="","",(R9-AVERAGE(R6:R1198))/(STDEV(R6:R1198)+1E-12)) | T9: =IF('3a Raw'!L9="","",MAX(-3,MIN(3,('3a Raw'!L9-$T3)/$T4))) | U9: =IF(T9="","",(T9-AVERAGE(T6:T1198))/(STDEV(T6:T1198)+1E-12)) | X9: =IF(U9="","",U9-($V$3*G9+$W$3)) | Y9: =IF(X9="","",MAX(-3,MIN(3,(X9-$X3)/$X4))) | Z9: =IF(Y9="","",(Y9-AVERAGE(Y6:Y1198))/(STDEV(Y6:Y1198)+1E-12)) | AB9: Value | AC9: 0.54777451 | AD9: 0.54777451
A10: BBG000D6VW15 | B10: =IF('3a Raw'!C10="","",MAX(-3,MIN(3,('3a Raw'!C10-$B3)/$B4))) | C10: =IF(B10="","",(B10-AVERAGE(B6:B1198))/(STDEV(B6:B1198)+1E-12)) | D10: =IF('3a Raw'!D10="","",MAX(-3,MIN(3,('3a Raw'!D10-$D3)/$D4))) | E10: =IF(D10="","",(D10-AVERAGE(D6:D1198))/(STDEV(D6:D1198)+1E-12)) | F10: =IF('3a Raw'!E10="","",MAX(-3,MIN(3,('3a Raw'!E10-$F3)/$F4))) | G10: =IF(F10="","",(F10-AVERAGE(F6:F1198))/(STDEV(F6:F1198)+1E-12)) | H10: =IF('3a Raw'!F10="","",MAX(-3,MIN(3,('3a Raw'!F10-$H3)/$H4))) | I10: =IF(H10="","",(H10-AVERAGE(H6:H1198))/(STDEV(H6:H1198)+1E-12)) | J10: =IF('3a Raw'!G10="","",MAX(-3,MIN(3,('3a Raw'!G10-$J3)/$J4))) | K10: =IF(J10="","",(J10-AVERAGE(J6:J1198))/(STDEV(J6:J1198)+1E-12)) | L10: =IF('3a Raw'!H10="","",MAX(-3,MIN(3,('3a Raw'!H10-$L3)/$L4))) | M10: =IF(L10="","",(L10-AVERAGE(L6:L1198))/(STDEV(L6:L1198)+1E-12)) | N10: =IF('3a Raw'!I10="","",MAX(-3,MIN(3,('3a Raw'!I10-$N3)/$N4))) | O10: =IF(N10="","",(N10-AVERAGE(N6:N1198))/(STDEV(N6:N1198)+1E-12)) | P10: =IF('3a Raw'!J10="","",MAX(-3,MIN(3,('3a Raw'!J10-$P3)/$P4))) | Q10: =IF(P10="","",(P10-AVERAGE(P6:P1198))/(STDEV(P6:P1198)+1E-12)) | R10: =IF('3a Raw'!K10="","",MAX(-3,MIN(3,('3a Raw'!K10-$R3)/$R4))) | S10: =IF(R10="","",(R10-AVERAGE(R6:R1198))/(STDEV(R6:R1198)+1E-12)) | T10: =IF('3a Raw'!L10="","",MAX(-3,MIN(3,('3a Raw'!L10-$T3)/$T4))) | U10: =IF(T10="","",(T10-AVERAGE(T6:T1198))/(STDEV(T6:T1198)+1E-12)) | X10: =IF(U10="","",U10-($V$3*G10+$W$3)) | Y10: =IF(X10="","",MAX(-3,MIN(3,(X10-$X3)/$X4))) | Z10: =IF(Y10="","",(Y10-AVERAGE(Y6:Y1198))/(STDEV(Y6:Y1198)+1E-12)) | AB10: Growth
A11: BBG000F7RCJ1 | B11: =IF('3a Raw'!C11="","",MAX(-3,MIN(3,('3a Raw'!C11-$B3)/$B4))) | C11: =IF(B11="","",(B11-AVERAGE(B6:B1198))/(STDEV(B6:B1198)+1E-12)) | D11: =IF('3a Raw'!D11="","",MAX(-3,MIN(3,('3a Raw'!D11-$D3)/$D4))) | E11: =IF(D11="","",(D11-AVERAGE(D6:D1198))/(STDEV(D6:D1198)+1E-12)) | F11: =IF('3a Raw'!E11="","",MAX(-3,MIN(3,('3a Raw'!E11-$F3)/$F4))) | G11: =IF(F11="","",(F11-AVERAGE(F6:F1198))/(STDEV(F6:F1198)+1E-12)) | H11: =IF('3a Raw'!F11="","",MAX(-3,MIN(3,('3a Raw'!F11-$H3)/$H4))) | I11: =IF(H11="","",(H11-AVERAGE(H6:H1198))/(STDEV(H6:H1198)+1E-12)) | J11: =IF('3a Raw'!G11="","",MAX(-3,MIN(3,('3a Raw'!G11-$J3)/$J4))) | K11: =IF(J11="","",(J11-AVERAGE(J6:J1198))/(STDEV(J6:J1198)+1E-12)) | L11: =IF('3a Raw'!H11="","",MAX(-3,MIN(3,('3a Raw'!H11-$L3)/$L4))) | M11: =IF(L11="","",(L11-AVERAGE(L6:L1198))/(STDEV(L6:L1198)+1E-12)) | N11: =IF('3a Raw'!I11="","",MAX(-3,MIN(3,('3a Raw'!I11-$N3)/$N4))) | O11: =IF(N11="","",(N11-AVERAGE(N6:N1198))/(STDEV(N6:N1198)+1E-12)) | P11: =IF('3a Raw'!J11="","",MAX(-3,MIN(3,('3a Raw'!J11-$P3)/$P4))) | Q11: =IF(P11="","",(P11-AVERAGE(P6:P1198))/(STDEV(P6:P1198)+1E-12)) | R11: =IF('3a Raw'!K11="","",MAX(-3,MIN(3,('3a Raw'!K11-$R3)/$R4))) | S11: =IF(R11="","",(R11-AVERAGE(R6:R1198))/(STDEV(R6:R1198)+1E-12)) | T11: =IF('3a Raw'!L11="","",MAX(-3,MIN(3,('3a Raw'!L11-$T3)/$T4))) | U11: =IF(T11="","",(T11-AVERAGE(T6:T1198))/(STDEV(T6:T1198)+1E-12)) | X11: =IF(U11="","",U11-($V$3*G11+$W$3)) | Y11: =IF(X11="","",MAX(-3,MIN(3,(X11-$X3)/$X4))) | Z11: =IF(Y11="","",(Y11-AVERAGE(Y6:Y1198))/(STDEV(Y6:Y1198)+1E-12)) | AB11: Leverage | AC11: -0.55031501 | AD11: -0.55031501
A12: BBG000B9XRY4 | B12: =IF('3a Raw'!C12="","",MAX(-3,MIN(3,('3a Raw'!C12-$B3)/$B4))) | C12: =IF(B12="","",(B12-AVERAGE(B6:B1198))/(STDEV(B6:B1198)+1E-12)) | D12: =IF('3a Raw'!D12="","",MAX(-3,MIN(3,('3a Raw'!D12-$D3)/$D4))) | E12: =IF(D12="","",(D12-AVERAGE(D6:D1198))/(STDEV(D6:D1198)+1E-12)) | F12: =IF('3a Raw'!E12="","",MAX(-3,MIN(3,('3a Raw'!E12-$F3)/$F4))) | G12: =IF(F12="","",(F12-AVERAGE(F6:F1198))/(STDEV(F6:F1198)+1E-12)) | H12: =IF('3a Raw'!F12="","",MAX(-3,MIN(3,('3a Raw'!F12-$H3)/$H4))) | I12: =IF(H12="","",(H12-AVERAGE(H6:H1198))/(STDEV(H6:H1198)+1E-12)) | J12: =IF('3a Raw'!G12="","",MAX(-3,MIN(3,('3a Raw'!G12-$J3)/$J4))) | K12: =IF(J12="","",(J12-AVERAGE(J6:J1198))/(STDEV(J6:J1198)+1E-12)) | L12: =IF('3a Raw'!H12="","",MAX(-3,MIN(3,('3a Raw'!H12-$L3)/$L4))) | M12: =IF(L12="","",(L12-AVERAGE(L6:L1198))/(STDEV(L6:L1198)+1E-12)) | N12: =IF('3a Raw'!I12="","",MAX(-3,MIN(3,('3a Raw'!I12-$N3)/$N4))) | O12: =IF(N12="","",(N12-AVERAGE(N6:N1198))/(STDEV(N6:N1198)+1E-12)) | P12: =IF('3a Raw'!J12="","",MAX(-3,MIN(3,('3a Raw'!J12-$P3)/$P4))) | Q12: =IF(P12="","",(P12-AVERAGE(P6:P1198))/(STDEV(P6:P1198)+1E-12)) | R12: =IF('3a Raw'!K12="","",MAX(-3,MIN(3,('3a Raw'!K12-$R3)/$R4))) | S12: =IF(R12="","",(R12-AVERAGE(R6:R1198))/(STDEV(R6:R1198)+1E-12)) | T12: =IF('3a Raw'!L12="","",MAX(-3,MIN(3,('3a Raw'!L12-$T3)/$T4))) | U12: =IF(T12="","",(T12-AVERAGE(T6:T1198))/(STDEV(T6:T1198)+1E-12)) | X12: =IF(U12="","",U12-($V$3*G12+$W$3)) | Y12: =IF(X12="","",MAX(-3,MIN(3,(X12-$X3)/$X4))) | Z12: =IF(Y12="","",(Y12-AVERAGE(Y6:Y1198))/(STDEV(Y6:Y1198)+1E-12)) | AB12: Liquidity | AC12: 1.8869457 | AD12: 1.8869457
A13: BBG0025Y4RY4 | B13: =IF('3a Raw'!C13="","",MAX(-3,MIN(3,('3a Raw'!C13-$B3)/$B4))) | C13: =IF(B13="","",(B13-AVERAGE(B6:B1198))/(STDEV(B6:B1198)+1E-12)) | D13: =IF('3a Raw'!D13="","",MAX(-3,MIN(3,('3a Raw'!D13-$D3)/$D4))) | E13: =IF(D13="","",(D13-AVERAGE(D6:D1198))/(STDEV(D6:D1198)+1E-12)) | F13: =IF('3a Raw'!E13="","",MAX(-3,MIN(3,('3a Raw'!E13-$F3)/$F4))) | G13: =IF(F13="","",(F13-AVERAGE(F6:F1198))/(STDEV(F6:F1198)+1E-12)) | H13: =IF('3a Raw'!F13="","",MAX(-3,MIN(3,('3a Raw'!F13-$H3)/$H4))) | I13: =IF(H13="","",(H13-AVERAGE(H6:H1198))/(STDEV(H6:H1198)+1E-12)) | J13: =IF('3a Raw'!G13="","",MAX(-3,MIN(3,('3a Raw'!G13-$J3)/$J4))) | K13: =IF(J13="","",(J13-AVERAGE(J6:J1198))/(STDEV(J6:J1198)+1E-12)) | L13: =IF('3a Raw'!H13="","",MAX(-3,MIN(3,('3a Raw'!H13-$L3)/$L4))) | M13: =IF(L13="","",(L13-AVERAGE(L6:L1198))/(STDEV(L6:L1198)+1E-12)) | N13: =IF('3a Raw'!I13="","",MAX(-3,MIN(3,('3a Raw'!I13-$N3)/$N4))) | O13: =IF(N13="","",(N13-AVERAGE(N6:N1198))/(STDEV(N6:N1198)+1E-12)) | P13: =IF('3a Raw'!J13="","",MAX(-3,MIN(3,('3a Raw'!J13-$P3)/$P4))) | Q13: =IF(P13="","",(P13-AVERAGE(P6:P1198))/(STDEV(P6:P1198)+1E-12)) | R13: =IF('3a Raw'!K13="","",MAX(-3,MIN(3,('3a Raw'!K13-$R3)/$R4))) | S13: =IF(R13="","",(R13-AVERAGE(R6:R1198))/(STDEV(R6:R1198)+1E-12)) | T13: =IF('3a Raw'!L13="","",MAX(-3,MIN(3,('3a Raw'!L13-$T3)/$T4))) | U13: =IF(T13="","",(T13-AVERAGE(T6:T1198))/(STDEV(T6:T1198)+1E-12)) | X13: =IF(U13="","",U13-($V$3*G13+$W$3)) | Y13: =IF(X13="","",MAX(-3,MIN(3,(X13-$X3)/$X4))) | Z13: =IF(Y13="","",(Y13-AVERAGE(Y6:Y1198))/(STDEV(Y6:Y1198)+1E-12)) | AB13: ResidVol | AC13: 0.2243422 | AD13: 0.2243422
A14: BBG001Y2XS07 | B14: =IF('3a Raw'!C14="","",MAX(-3,MIN(3,('3a Raw'!C14-$B3)/$B4))) | C14: =IF(B14="","",(B14-AVERAGE(B6:B1198))/(STDEV(B6:B1198)+1E-12)) | D14: =IF('3a Raw'!D14="","",MAX(-3,MIN(3,('3a Raw'!D14-$D3)/$D4))) | E14: =IF(D14="","",(D14-AVERAGE(D6:D1198))/(STDEV(D6:D1198)+1E-12)) | F14: =IF('3a Raw'!E14="","",MAX(-3,MIN(3,('3a Raw'!E14-$F3)/$F4))) | G14: =IF(F14="","",(F14-AVERAGE(F6:F1198))/(STDEV(F6:F1198)+1E-12)) | H14: =IF('3a Raw'!F14="","",MAX(-3,MIN(3,('3a Raw'!F14-$H3)/$H4))) | I14: =IF(H14="","",(H14-AVERAGE(H6:H1198))/(STDEV(H6:H1198)+1E-12)) | J14: =IF('3a Raw'!G14="","",MAX(-3,MIN(3,('3a Raw'!G14-$J3)/$J4))) | K14: =IF(J14="","",(J14-AVERAGE(J6:J1198))/(STDEV(J6:J1198)+1E-12)) | L14: =IF('3a Raw'!H14="","",MAX(-3,MIN(3,('3a Raw'!H14-$L3)/$L4))) | M14: =IF(L14="","",(L14-AVERAGE(L6:L1198))/(STDEV(L6:L1198)+1E-12)) | N14: =IF('3a Raw'!I14="","",MAX(-3,MIN(3,('3a Raw'!I14-$N3)/$N4))) | O14: =IF(N14="","",(N14-AVERAGE(N6:N1198))/(STDEV(N6:N1198)+1E-12)) | P14: =IF('3a Raw'!J14="","",MAX(-3,MIN(3,('3a Raw'!J14-$P3)/$P4))) | Q14: =IF(P14="","",(P14-AVERAGE(P6:P1198))/(STDEV(P6:P1198)+1E-12)) | R14: =IF('3a Raw'!K14="","",MAX(-3,MIN(3,('3a Raw'!K14-$R3)/$R4))) | S14: =IF(R14="","",(R14-AVERAGE(R6:R1198))/(STDEV(R6:R1198)+1E-12)) | T14: =IF('3a Raw'!L14="","",MAX(-3,MIN(3,('3a Raw'!L14-$T3)/$T4))) | U14: =IF(T14="","",(T14-AVERAGE(T6:T1198))/(STDEV(T6:T1198)+1E-12)) | X14: =IF(U14="","",U14-($V$3*G14+$W$3)) | Y14: =IF(X14="","",MAX(-3,MIN(3,(X14-$X3)/$X4))) | Z14: =IF(Y14="","",(Y14-AVERAGE(Y6:Y1198))/(STDEV(Y6:Y1198)+1E-12)) | AB14: EarnYield | AC14: 1.096686 | AD14: 1.096686
A15: BBG000KMVDV1 | B15: =IF('3a Raw'!C15="","",MAX(-3,MIN(3,('3a Raw'!C15-$B3)/$B4))) | C15: =IF(B15="","",(B15-AVERAGE(B6:B1198))/(STDEV(B6:B1198)+1E-12)) | D15: =IF('3a Raw'!D15="","",MAX(-3,MIN(3,('3a Raw'!D15-$D3)/$D4))) | E15: =IF(D15="","",(D15-AVERAGE(D6:D1198))/(STDEV(D6:D1198)+1E-12)) | F15: =IF('3a Raw'!E15="","",MAX(-3,MIN(3,('3a Raw'!E15-$F3)/$F4))) | G15: =IF(F15="","",(F15-AVERAGE(F6:F1198))/(STDEV(F6:F1198)+1E-12)) | H15: =IF('3a Raw'!F15="","",MAX(-3,MIN(3,('3a Raw'!F15-$H3)/$H4))) | I15: =IF(H15="","",(H15-AVERAGE(H6:H1198))/(STDEV(H6:H1198)+1E-12)) | J15: =IF('3a Raw'!G15="","",MAX(-3,MIN(3,('3a Raw'!G15-$J3)/$J4))) | K15: =IF(J15="","",(J15-AVERAGE(J6:J1198))/(STDEV(J6:J1198)+1E-12)) | L15: =IF('3a Raw'!H15="","",MAX(-3,MIN(3,('3a Raw'!H15-$L3)/$L4))) | M15: =IF(L15="","",(L15-AVERAGE(L6:L1198))/(STDEV(L6:L1198)+1E-12)) | N15: =IF('3a Raw'!I15="","",MAX(-3,MIN(3,('3a Raw'!I15-$N3)/$N4))) | O15: =IF(N15="","",(N15-AVERAGE(N6:N1198))/(STDEV(N6:N1198)+1E-12)) | P15: =IF('3a Raw'!J15="","",MAX(-3,MIN(3,('3a Raw'!J15-$P3)/$P4))) | Q15: =IF(P15="","",(P15-AVERAGE(P6:P1198))/(STDEV(P6:P1198)+1E-12)) | R15: =IF('3a Raw'!K15="","",MAX(-3,MIN(3,('3a Raw'!K15-$R3)/$R4))) | S15: =IF(R15="","",(R15-AVERAGE(R6:R1198))/(STDEV(R6:R1198)+1E-12)) | T15: =IF('3a Raw'!L15="","",MAX(-3,MIN(3,('3a Raw'!L15-$T3)/$T4))) | U15: =IF(T15="","",(T15-AVERAGE(T6:T1198))/(STDEV(T6:T1198)+1E-12)) | X15: =IF(U15="","",U15-($V$3*G15+$W$3)) | Y15: =IF(X15="","",MAX(-3,MIN(3,(X15-$X3)/$X4))) | Z15: =IF(Y15="","",(Y15-AVERAGE(Y6:Y1198))/(STDEV(Y6:Y1198)+1E-12)) | AB15: NonLinSize | AC15: 1.9467768 | AD15: 1.9467768
A16: BBG000B9ZXB4 | B16: =IF('3a Raw'!C16="","",MAX(-3,MIN(3,('3a Raw'!C16-$B3)/$B4))) | C16: =IF(B16="","",(B16-AVERAGE(B6:B1198))/(STDEV(B6:B1198)+1E-12)) | D16: =IF('3a Raw'!D16="","",MAX(-3,MIN(3,('3a Raw'!D16-$D3)/$D4))) | E16: =IF(D16="","",(D16-AVERAGE(D6:D1198))/(STDEV(D6:D1198)+1E-12)) | F16: =IF('3a Raw'!E16="","",MAX(-3,MIN(3,('3a Raw'!E16-$F3)/$F4))) | G16: =IF(F16="","",(F16-AVERAGE(F6:F1198))/(STDEV(F6:F1198)+1E-12)) | H16: =IF('3a Raw'!F16="","",MAX(-3,MIN(3,('3a Raw'!F16-$H3)/$H4))) | I16: =IF(H16="","",(H16-AVERAGE(H6:H1198))/(STDEV(H6:H1198)+1E-12)) | J16: =IF('3a Raw'!G16="","",MAX(-3,MIN(3,('3a Raw'!G16-$J3)/$J4))) | K16: =IF(J16="","",(J16-AVERAGE(J6:J1198))/(STDEV(J6:J1198)+1E-12)) | L16: =IF('3a Raw'!H16="","",MAX(-3,MIN(3,('3a Raw'!H16-$L3)/$L4))) | M16: =IF(L16="","",(L16-AVERAGE(L6:L1198))/(STDEV(L6:L1198)+1E-12)) | N16: =IF('3a Raw'!I16="","",MAX(-3,MIN(3,('3a Raw'!I16-$N3)/$N4))) | O16: =IF(N16="","",(N16-AVERAGE(N6:N1198))/(STDEV(N6:N1198)+1E-12)) | P16: =IF('3a Raw'!J16="","",MAX(-3,MIN(3,('3a Raw'!J16-$P3)/$P4))) | Q16: =IF(P16="","",(P16-AVERAGE(P6:P1198))/(STDEV(P6:P1198)+1E-12)) | R16: =IF('3a Raw'!K16="","",MAX(-3,MIN(3,('3a Raw'!K16-$R3)/$R4))) | S16: =IF(R16="","",(R16-AVERAGE(R6:R1198))/(STDEV(R6:R1198)+1E-12)) | T16: =IF('3a Raw'!L16="","",MAX(-3,MIN(3,('3a Raw'!L16-$T3)/$T4))) | U16: =IF(T16="","",(T16-AVERAGE(T6:T1198))/(STDEV(T6:T1198)+1E-12)) | X16: =IF(U16="","",U16-($V$3*G16+$W$3)) | Y16: =IF(X16="","",MAX(-3,MIN(3,(X16-$X3)/$X4))) | Z16: =IF(Y16="","",(Y16-AVERAGE(Y6:Y1198))/(STDEV(Y6:Y1198)+1E-12))
A17: BBG00VY1KB95 | B17: =IF('3a Raw'!C17="","",MAX(-3,MIN(3,('3a Raw'!C17-$B3)/$B4))) | C17: =IF(B17="","",(B17-AVERAGE(B6:B1198))/(STDEV(B6:B1198)+1E-12)) | D17: =IF('3a Raw'!D17="","",MAX(-3,MIN(3,('3a Raw'!D17-$D3)/$D4))) | E17: =IF(D17="","",(D17-AVERAGE(D6:D1198))/(STDEV(D6:D1198)+1E-12)) | F17: =IF('3a Raw'!E17="","",MAX(-3,MIN(3,('3a Raw'!E17-$F3)/$F4))) | G17: =IF(F17="","",(F17-AVERAGE(F6:F1198))/(STDEV(F6:F1198)+1E-12)) | H17: =IF('3a Raw'!F17="","",MAX(-3,MIN(3,('3a Raw'!F17-$H3)/$H4))) | I17: =IF(H17="","",(H17-AVERAGE(H6:H1198))/(STDEV(H6:H1198)+1E-12)) | J17: =IF('3a Raw'!G17="","",MAX(-3,MIN(3,('3a Raw'!G17-$J3)/$J4))) | K17: =IF(J17="","",(J17-AVERAGE(J6:J1198))/(STDEV(J6:J1198)+1E-12)) | L17: =IF('3a Raw'!H17="","",MAX(-3,MIN(3,('3a Raw'!H17-$L3)/$L4))) | M17: =IF(L17="","",(L17-AVERAGE(L6:L1198))/(STDEV(L6:L1198)+1E-12)) | N17: =IF('3a Raw'!I17="","",MAX(-3,MIN(3,('3a Raw'!I17-$N3)/$N4))) | O17: =IF(N17="","",(N17-AVERAGE(N6:N1198))/(STDEV(N6:N1198)+1E-12)) | P17: =IF('3a Raw'!J17="","",MAX(-3,MIN(3,('3a Raw'!J17-$P3)/$P4))) | Q17: =IF(P17="","",(P17-AVERAGE(P6:P1198))/(STDEV(P6:P1198)+1E-12)) | R17: =IF('3a Raw'!K17="","",MAX(-3,MIN(3,('3a Raw'!K17-$R3)/$R4))) | S17: =IF(R17="","",(R17-AVERAGE(R6:R1198))/(STDEV(R6:R1198)+1E-12)) | T17: =IF('3a Raw'!L17="","",MAX(-3,MIN(3,('3a Raw'!L17-$T3)/$T4))) | U17: =IF(T17="","",(T17-AVERAGE(T6:T1198))/(STDEV(T6:T1198)+1E-12)) | X17: =IF(U17="","",U17-($V$3*G17+$W$3)) | Y17: =IF(X17="","",MAX(-3,MIN(3,(X17-$X3)/$X4))) | Z17: =IF(Y17="","",(Y17-AVERAGE(Y6:Y1198))/(STDEV(Y6:Y1198)+1E-12))
A18: BBG000BHG9K0 | B18: =IF('3a Raw'!C18="","",MAX(-3,MIN(3,('3a Raw'!C18-$B3)/$B4))) | C18: =IF(B18="","",(B18-AVERAGE(B6:B1198))/(STDEV(B6:B1198)+1E-12)) | D18: =IF('3a Raw'!D18="","",MAX(-3,MIN(3,('3a Raw'!D18-$D3)/$D4))) | E18: =IF(D18="","",(D18-AVERAGE(D6:D1198))/(STDEV(D6:D1198)+1E-12)) | F18: =IF('3a Raw'!E18="","",MAX(-3,MIN(3,('3a Raw'!E18-$F3)/$F4))) | G18: =IF(F18="","",(F18-AVERAGE(F6:F1198))/(STDEV(F6:F1198)+1E-12)) | H18: =IF('3a Raw'!F18="","",MAX(-3,MIN(3,('3a Raw'!F18-$H3)/$H4))) | I18: =IF(H18="","",(H18-AVERAGE(H6:H1198))/(STDEV(H6:H1198)+1E-12)) | J18: =IF('3a Raw'!G18="","",MAX(-3,MIN(3,('3a Raw'!G18-$J3)/$J4))) | K18: =IF(J18="","",(J18-AVERAGE(J6:J1198))/(STDEV(J6:J1198)+1E-12)) | L18: =IF('3a Raw'!H18="","",MAX(-3,MIN(3,('3a Raw'!H18-$L3)/$L4))) | M18: =IF(L18="","",(L18-AVERAGE(L6:L1198))/(STDEV(L6:L1198)+1E-12)) | N18: =IF('3a Raw'!I18="","",MAX(-3,MIN(3,('3a Raw'!I18-$N3)/$N4))) | O18: =IF(N18="","",(N18-AVERAGE(N6:N1198))/(STDEV(N6:N1198)+1E-12)) | P18: =IF('3a Raw'!J18="","",MAX(-3,MIN(3,('3a Raw'!J18-$P3)/$P4))) | Q18: =IF(P18="","",(P18-AVERAGE(P6:P1198))/(STDEV(P6:P1198)+1E-12)) | R18: =IF('3a Raw'!K18="","",MAX(-3,MIN(3,('3a Raw'!K18-$R3)/$R4))) | S18: =IF(R18="","",(R18-AVERAGE(R6:R1198))/(STDEV(R6:R1198)+1E-12)) | T18: =IF('3a Raw'!L18="","",MAX(-3,MIN(3,('3a Raw'!L18-$T3)/$T4))) | U18: =IF(T18="","",(T18-AVERAGE(T6:T1198))/(STDEV(T6:T1198)+1E-12)) | X18: =IF(U18="","",U18-($V$3*G18+$W$3)) | Y18: =IF(X18="","",MAX(-3,MIN(3,(X18-$X3)/$X4))) | Z18: =IF(Y18="","",(Y18-AVERAGE(Y6:Y1198))/(STDEV(Y6:Y1198)+1E-12))
A19: acgl | B19: =IF('3a Raw'!C19="","",MAX(-3,MIN(3,('3a Raw'!C19-$B3)/$B4))) | C19: =IF(B19="","",(B19-AVERAGE(B6:B1198))/(STDEV(B6:B1198)+1E-12)) | D19: =IF('3a Raw'!D19="","",MAX(-3,MIN(3,('3a Raw'!D19-$D3)/$D4))) | E19: =IF(D19="","",(D19-AVERAGE(D6:D1198))/(STDEV(D6:D1198)+1E-12)) | F19: =IF('3a Raw'!E19="","",MAX(-3,MIN(3,('3a Raw'!E19-$F3)/$F4))) | G19: =IF(F19="","",(F19-AVERAGE(F6:F1198))/(STDEV(F6:F1198)+1E-12)) | H19: =IF('3a Raw'!F19="","",MAX(-3,MIN(3,('3a Raw'!F19-$H3)/$H4))) | I19: =IF(H19="","",(H19-AVERAGE(H6:H1198))/(STDEV(H6:H1198)+1E-12)) | J19: =IF('3a Raw'!G19="","",MAX(-3,MIN(3,('3a Raw'!G19-$J3)/$J4))) | K19: =IF(J19="","",(J19-AVERAGE(J6:J1198))/(STDEV(J6:J1198)+1E-12)) | L19: =IF('3a Raw'!H19="","",MAX(-3,MIN(3,('3a Raw'!H19-$L3)/$L4))) | M19: =IF(L19="","",(L19-AVERAGE(L6:L1198))/(STDEV(L6:L1198)+1E-12)) | N19: =IF('3a Raw'!I19="","",MAX(-3,MIN(3,('3a Raw'!I19-$N3)/$N4))) | O19: =IF(N19="","",(N19-AVERAGE(N6:N1198))/(STDEV(N6:N1198)+1E-12)) | P19: =IF('3a Raw'!J19="","",MAX(-3,MIN(3,('3a Raw'!J19-$P3)/$P4))) | Q19: =IF(P19="","",(P19-AVERAGE(P6:P1198))/(STDEV(P6:P1198)+1E-12)) | R19: =IF('3a Raw'!K19="","",MAX(-3,MIN(3,('3a Raw'!K19-$R3)/$R4))) | S19: =IF(R19="","",(R19-AVERAGE(R6:R1198))/(STDEV(R6:R1198)+1E-12)) | T19: =IF('3a Raw'!L19="","",MAX(-3,MIN(3,('3a Raw'!L19-$T3)/$T4))) | U19: =IF(T19="","",(T19-AVERAGE(T6:T1198))/(STDEV(T6:T1198)+1E-12)) | X19: =IF(U19="","",U19-($V$3*G19+$W$3)) | Y19: =IF(X19="","",MAX(-3,MIN(3,(X19-$X3)/$X4))) | Z19: =IF(Y19="","",(Y19-AVERAGE(Y6:Y1198))/(STDEV(Y6:Y1198)+1E-12))
A20: BBG000FPNN38 | B20: =IF('3a Raw'!C20="","",MAX(-3,MIN(3,('3a Raw'!C20-$B3)/$B4))) | C20: =IF(B20="","",(B20-AVERAGE(B6:B1198))/(STDEV(B6:B1198)+1E-12)) | D20: =IF('3a Raw'!D20="","",MAX(-3,MIN(3,('3a Raw'!D20-$D3)/$D4))) | E20: =IF(D20="","",(D20-AVERAGE(D6:D1198))/(STDEV(D6:D1198)+1E-12)) | F20: =IF('3a Raw'!E20="","",MAX(-3,MIN(3,('3a Raw'!E20-$F3)/$F4))) | G20: =IF(F20="","",(F20-AVERAGE(F6:F1198))/(STDEV(F6:F1198)+1E-12)) | H20: =IF('3a Raw'!F20="","",MAX(-3,MIN(3,('3a Raw'!F20-$H3)/$H4))) | I20: =IF(H20="","",(H20-AVERAGE(H6:H1198))/(STDEV(H6:H1198)+1E-12)) | J20: =IF('3a Raw'!G20="","",MAX(-3,MIN(3,('3a Raw'!G20-$J3)/$J4))) | K20: =IF(J20="","",(J20-AVERAGE(J6:J1198))/(STDEV(J6:J1198)+1E-12)) | L20: =IF('3a Raw'!H20="","",MAX(-3,MIN(3,('3a Raw'!H20-$L3)/$L4))) | M20: =IF(L20="","",(L20-AVERAGE(L6:L1198))/(STDEV(L6:L1198)+1E-12)) | N20: =IF('3a Raw'!I20="","",MAX(-3,MIN(3,('3a Raw'!I20-$N3)/$N4))) | O20: =IF(N20="","",(N20-AVERAGE(N6:N1198))/(STDEV(N6:N1198)+1E-12)) | P20: =IF('3a Raw'!J20="","",MAX(-3,MIN(3,('3a Raw'!J20-$P3)/$P4))) | Q20: =IF(P20="","",(P20-AVERAGE(P6:P1198))/(STDEV(P6:P1198)+1E-12)) | R20: =IF('3a Raw'!K20="","",MAX(-3,MIN(3,('3a Raw'!K20-$R3)/$R4))) | S20: =IF(R20="","",(R20-AVERAGE(R6:R1198))/(STDEV(R6:R1198)+1E-12)) | T20: =IF('3a Raw'!L20="","",MAX(-3,MIN(3,('3a Raw'!L20-$T3)/$T4))) | U20: =IF(T20="","",(T20-AVERAGE(T6:T1198))/(STDEV(T6:T1198)+1E-12)) | X20: =IF(U20="","",U20-($V$3*G20+$W$3)) | Y20: =IF(X20="","",MAX(-3,MIN(3,(X20-$X3)/$X4))) | Z20: =IF(Y20="","",(Y20-AVERAGE(Y6:Y1198))/(STDEV(Y6:Y1198)+1E-12))
A21: BBG009KG1750 | B21: =IF('3a Raw'!C21="","",MAX(-3,MIN(3,('3a Raw'!C21-$B3)/$B4))) | C21: =IF(B21="","",(B21-AVERAGE(B6:B1198))/(STDEV(B6:B1198)+1E-12)) | D21: =IF('3a Raw'!D21="","",MAX(-3,MIN(3,('3a Raw'!D21-$D3)/$D4))) | E21: =IF(D21="","",(D21-AVERAGE(D6:D1198))/(STDEV(D6:D1198)+1E-12)) | F21: =IF('3a Raw'!E21="","",MAX(-3,MIN(3,('3a Raw'!E21-$F3)/$F4))) | G21: =IF(F21="","",(F21-AVERAGE(F6:F1198))/(STDEV(F6:F1198)+1E-12)) | H21: =IF('3a Raw'!F21="","",MAX(-3,MIN(3,('3a Raw'!F21-$H3)/$H4))) | I21: =IF(H21="","",(H21-AVERAGE(H6:H1198))/(STDEV(H6:H1198)+1E-12)) | J21: =IF('3a Raw'!G21="","",MAX(-3,MIN(3,('3a Raw'!G21-$J3)/$J4))) | K21: =IF(J21="","",(J21-AVERAGE(J6:J1198))/(STDEV(J6:J1198)+1E-12)) | L21: =IF('3a Raw'!H21="","",MAX(-3,MIN(3,('3a Raw'!H21-$L3)/$L4))) | M21: =IF(L21="","",(L21-AVERAGE(L6:L1198))/(STDEV(L6:L1198)+1E-12)) | N21: =IF('3a Raw'!I21="","",MAX(-3,MIN(3,('3a Raw'!I21-$N3)/$N4))) | O21: =IF(N21="","",(N21-AVERAGE(N6:N1198))/(STDEV(N6:N1198)+1E-12)) | P21: =IF('3a Raw'!J21="","",MAX(-3,MIN(3,('3a Raw'!J21-$P3)/$P4))) | Q21: =IF(P21="","",(P21-AVERAGE(P6:P1198))/(STDEV(P6:P1198)+1E-12)) | R21: =IF('3a Raw'!K21="","",MAX(-3,MIN(3,('3a Raw'!K21-$R3)/$R4))) | S21: =IF(R21="","",(R21-AVERAGE(R6:R1198))/(STDEV(R6:R1198)+1E-12)) | T21: =IF('3a Raw'!L21="","",MAX(-3,MIN(3,('3a Raw'!L21-$T3)/$T4))) | U21: =IF(T21="","",(T21-AVERAGE(T6:T1198))/(STDEV(T6:T1198)+1E-12)) | X21: =IF(U21="","",U21-($V$3*G21+$W$3)) | Y21: =IF(X21="","",MAX(-3,MIN(3,(X21-$X3)/$X4))) | Z21: =IF(Y21="","",(Y21-AVERAGE(Y6:Y1198))/(STDEV(Y6:Y1198)+1E-12))
A22: acn | B22: =IF('3a Raw'!C22="","",MAX(-3,MIN(3,('3a Raw'!C22-$B3)/$B4))) | C22: =IF(B22="","",(B22-AVERAGE(B6:B1198))/(STDEV(B6:B1198)+1E-12)) | D22: =IF('3a Raw'!D22="","",MAX(-3,MIN(3,('3a Raw'!D22-$D3)/$D4))) | E22: =IF(D22="","",(D22-AVERAGE(D6:D1198))/(STDEV(D6:D1198)+1E-12)) | F22: =IF('3a Raw'!E22="","",MAX(-3,MIN(3,('3a Raw'!E22-$F3)/$F4))) | G22: =IF(F22="","",(F22-AVERAGE(F6:F1198))/(STDEV(F6:F1198)+1E-12)) | H22: =IF('3a Raw'!F22="","",MAX(-3,MIN(3,('3a Raw'!F22-$H3)/$H4))) | I22: =IF(H22="","",(H22-AVERAGE(H6:H1198))/(STDEV(H6:H1198)+1E-12)) | J22: =IF('3a Raw'!G22="","",MAX(-3,MIN(3,('3a Raw'!G22-$J3)/$J4))) | K22: =IF(J22="","",(J22-AVERAGE(J6:J1198))/(STDEV(J6:J1198)+1E-12)) | L22: =IF('3a Raw'!H22="","",MAX(-3,MIN(3,('3a Raw'!H22-$L3)/$L4))) | M22: =IF(L22="","",(L22-AVERAGE(L6:L1198))/(STDEV(L6:L1198)+1E-12)) | N22: =IF('3a Raw'!I22="","",MAX(-3,MIN(3,('3a Raw'!I22-$N3)/$N4))) | O22: =IF(N22="","",(N22-AVERAGE(N6:N1198))/(STDEV(N6:N1198)+1E-12)) | P22: =IF('3a Raw'!J22="","",MAX(-3,MIN(3,('3a Raw'!J22-$P3)/$P4))) | Q22: =IF(P22="","",(P22-AVERAGE(P6:P1198))/(STDEV(P6:P1198)+1E-12)) | R22: =IF('3a Raw'!K22="","",MAX(-3,MIN(3,('3a Raw'!K22-$R3)/$R4))) | S22: =IF(R22="","",(R22-AVERAGE(R6:R1198))/(STDEV(R6:R1198)+1E-12)) | T22: =IF('3a Raw'!L22="","",MAX(-3,MIN(3,('3a Raw'!L22-$T3)/$T4))) | U22: =IF(T22="","",(T22-AVERAGE(T6:T1198))/(STDEV(T6:T1198)+1E-12)) | X22: =IF(U22="","",U22-($V$3*G22+$W$3)) | Y22: =IF(X22="","",MAX(-3,MIN(3,(X22-$X3)/$X4))) | Z22: =IF(Y22="","",(Y22-AVERAGE(Y6:Y1198))/(STDEV(Y6:Y1198)+1E-12))
A23: BBG000KF9J02 | B23: =IF('3a Raw'!C23="","",MAX(-3,MIN(3,('3a Raw'!C23-$B3)/$B4))) | C23: =IF(B23="","",(B23-AVERAGE(B6:B1198))/(STDEV(B6:B1198)+1E-12)) | D23: =IF('3a Raw'!D23="","",MAX(-3,MIN(3,('3a Raw'!D23-$D3)/$D4))) | E23: =IF(D23="","",(D23-AVERAGE(D6:D1198))/(STDEV(D6:D1198)+1E-12)) | F23: =IF('3a Raw'!E23="","",MAX(-3,MIN(3,('3a Raw'!E23-$F3)/$F4))) | G23: =IF(F23="","",(F23-AVERAGE(F6:F1198))/(STDEV(F6:F1198)+1E-12)) | H23: =IF('3a Raw'!F23="","",MAX(-3,MIN(3,('3a Raw'!F23-$H3)/$H4))) | I23: =IF(H23="","",(H23-AVERAGE(H6:H1198))/(STDEV(H6:H1198)+1E-12)) | J23: =IF('3a Raw'!G23="","",MAX(-3,MIN(3,('3a Raw'!G23-$J3)/$J4))) | K23: =IF(J23="","",(J23-AVERAGE(J6:J1198))/(STDEV(J6:J1198)+1E-12)) | L23: =IF('3a Raw'!H23="","",MAX(-3,MIN(3,('3a Raw'!H23-$L3)/$L4))) | M23: =IF(L23="","",(L23-AVERAGE(L6:L1198))/(STDEV(L6:L1198)+1E-12)) | N23: =IF('3a Raw'!I23="","",MAX(-3,MIN(3,('3a Raw'!I23-$N3)/$N4))) | O23: =IF(N23="","",(N23-AVERAGE(N6:N1198))/(STDEV(N6:N1198)+1E-12)) | P23: =IF('3a Raw'!J23="","",MAX(-3,MIN(3,('3a Raw'!J23-$P3)/$P4))) | Q23: =IF(P23="","",(P23-AVERAGE(P6:P1198))/(STDEV(P6:P1198)+1E-12)) | R23: =IF('3a Raw'!K23="","",MAX(-3,MIN(3,('3a Raw'!K23-$R3)/$R4))) | S23: =IF(R23="","",(R23-AVERAGE(R6:R1198))/(STDEV(R6:R1198)+1E-12)) | T23: =IF('3a Raw'!L23="","",MAX(-3,MIN(3,('3a Raw'!L23-$T3)/$T4))) | U23: =IF(T23="","",(T23-AVERAGE(T6:T1198))/(STDEV(T6:T1198)+1E-12)) | X23: =IF(U23="","",U23-($V$3*G23+$W$3)) | Y23: =IF(X23="","",MAX(-3,MIN(3,(X23-$X3)/$X4))) | Z23: =IF(Y23="","",(Y23-AVERAGE(Y6:Y1198))/(STDEV(Y6:Y1198)+1E-12))
A24: BBG000BB5006 | B24: =IF('3a Raw'!C24="","",MAX(-3,MIN(3,('3a Raw'!C24-$B3)/$B4))) | C24: =IF(B24="","",(B24-AVERAGE(B6:B1198))/(STDEV(B6:B1198)+1E-12)) | D24: =IF('3a Raw'!D24="","",MAX(-3,MIN(3,('3a Raw'!D24-$D3)/$D4))) | E24: =IF(D24="","",(D24-AVERAGE(D6:D1198))/(STDEV(D6:D1198)+1E-12)) | F24: =IF('3a Raw'!E24="","",MAX(-3,MIN(3,('3a Raw'!E24-$F3)/$F4))) | G24: =IF(F24="","",(F24-AVERAGE(F6:F1198))/(STDEV(F6:F1198)+1E-12)) | H24: =IF('3a Raw'!F24="","",MAX(-3,MIN(3,('3a Raw'!F24-$H3)/$H4))) | I24: =IF(H24="","",(H24-AVERAGE(H6:H1198))/(STDEV(H6:H1198)+1E-12)) | J24: =IF('3a Raw'!G24="","",MAX(-3,MIN(3,('3a Raw'!G24-$J3)/$J4))) | K24: =IF(J24="","",(J24-AVERAGE(J6:J1198))/(STDEV(J6:J1198)+1E-12)) | L24: =IF('3a Raw'!H24="","",MAX(-3,MIN(3,('3a Raw'!H24-$L3)/$L4))) | M24: =IF(L24="","",(L24-AVERAGE(L6:L1198))/(STDEV(L6:L1198)+1E-12)) | N24: =IF('3a Raw'!I24="","",MAX(-3,MIN(3,('3a Raw'!I24-$N3)/$N4))) | O24: =IF(N24="","",(N24-AVERAGE(N6:N1198))/(STDEV(N6:N1198)+1E-12)) | P24: =IF('3a Raw'!J24="","",MAX(-3,MIN(3,('3a Raw'!J24-$P3)/$P4))) | Q24: =IF(P24="","",(P24-AVERAGE(P6:P1198))/(STDEV(P6:P1198)+1E-12)) | R24: =IF('3a Raw'!K24="","",MAX(-3,MIN(3,('3a Raw'!K24-$R3)/$R4))) | S24: =IF(R24="","",(R24-AVERAGE(R6:R1198))/(STDEV(R6:R1198)+1E-12)) | T24: =IF('3a Raw'!L24="","",MAX(-3,MIN(3,('3a Raw'!L24-$T3)/$T4))) | U24: =IF(T24="","",(T24-AVERAGE(T6:T1198))/(STDEV(T6:T1198)+1E-12)) | X24: =IF(U24="","",U24-($V$3*G24+$W$3)) | Y24: =IF(X24="","",MAX(-3,MIN(3,(X24-$X3)/$X4))) | Z24: =IF(Y24="","",(Y24-AVERAGE(Y6:Y1198))/(STDEV(Y6:Y1198)+1E-12))
A25: BBG000BC9DK0 | B25: =IF('3a Raw'!C25="","",MAX(-3,MIN(3,('3a Raw'!C25-$B3)/$B4))) | C25: =IF(B25="","",(B25-AVERAGE(B6:B1198))/(STDEV(B6:B1198)+1E-12)) | D25: =IF('3a Raw'!D25="","",MAX(-3,MIN(3,('3a Raw'!D25-$D3)/$D4))) | E25: =IF(D25="","",(D25-AVERAGE(D6:D1198))/(STDEV(D6:D1198)+1E-12)) | F25: =IF('3a Raw'!E25="","",MAX(-3,MIN(3,('3a Raw'!E25-$F3)/$F4))) | G25: =IF(F25="","",(F25-AVERAGE(F6:F1198))/(STDEV(F6:F1198)+1E-12)) | H25: =IF('3a Raw'!F25="","",MAX(-3,MIN(3,('3a Raw'!F25-$H3)/$H4))) | I25: =IF(H25="","",(H25-AVERAGE(H6:H1198))/(STDEV(H6:H1198)+1E-12)) | J25: =IF('3a Raw'!G25="","",MAX(-3,MIN(3,('3a Raw'!G25-$J3)/$J4))) | K25: =IF(J25="","",(J25-AVERAGE(J6:J1198))/(STDEV(J6:J1198)+1E-12)) | L25: =IF('3a Raw'!H25="","",MAX(-3,MIN(3,('3a Raw'!H25-$L3)/$L4))) | M25: =IF(L25="","",(L25-AVERAGE(L6:L1198))/(STDEV(L6:L1198)+1E-12)) | N25: =IF('3a Raw'!I25="","",MAX(-3,MIN(3,('3a Raw'!I25-$N3)/$N4))) | O25: =IF(N25="","",(N25-AVERAGE(N6:N1198))/(STDEV(N6:N1198)+1E-12)) | P25: =IF('3a Raw'!J25="","",MAX(-3,MIN(3,('3a Raw'!J25-$P3)/$P4))) | Q25: =IF(P25="","",(P25-AVERAGE(P6:P1198))/(STDEV(P6:P1198)+1E-12)) | R25: =IF('3a Raw'!K25="","",MAX(-3,MIN(3,('3a Raw'!K25-$R3)/$R4))) | S25: =IF(R25="","",(R25-AVERAGE(R6:R1198))/(STDEV(R6:R1198)+1E-12)) | T25: =IF('3a Raw'!L25="","",MAX(-3,MIN(3,('3a Raw'!L25-$T3)/$T4))) | U25: =IF(T25="","",(T25-AVERAGE(T6:T1198))/(STDEV(T6:T1198)+1E-12)) | X25: =IF(U25="","",U25-($V$3*G25+$W$3)) | Y25: =IF(X25="","",MAX(-3,MIN(3,(X25-$X3)/$X4))) | Z25: =IF(Y25="","",(Y25-AVERAGE(Y6:Y1198))/(STDEV(Y6:Y1198)+1E-12))
A26: BBG00RBFBL50 | B26: =IF('3a Raw'!C26="","",MAX(-3,MIN(3,('3a Raw'!C26-$B3)/$B4))) | C26: =IF(B26="","",(B26-AVERAGE(B6:B1198))/(STDEV(B6:B1198)+1E-12)) | D26: =IF('3a Raw'!D26="","",MAX(-3,MIN(3,('3a Raw'!D26-$D3)/$D4))) | E26: =IF(D26="","",(D26-AVERAGE(D6:D1198))/(STDEV(D6:D1198)+1E-12)) | F26: =IF('3a Raw'!E26="","",MAX(-3,MIN(3,('3a Raw'!E26-$F3)/$F4))) | G26: =IF(F26="","",(F26-AVERAGE(F6:F1198))/(STDEV(F6:F1198)+1E-12)) | H26: =IF('3a Raw'!F26="","",MAX(-3,MIN(3,('3a Raw'!F26-$H3)/$H4))) | I26: =IF(H26="","",(H26-AVERAGE(H6:H1198))/(STDEV(H6:H1198)+1E-12)) | J26: =IF('3a Raw'!G26="","",MAX(-3,MIN(3,('3a Raw'!G26-$J3)/$J4))) | K26: =IF(J26="","",(J26-AVERAGE(J6:J1198))/(STDEV(J6:J1198)+1E-12)) | L26: =IF('3a Raw'!H26="","",MAX(-3,MIN(3,('3a Raw'!H26-$L3)/$L4))) | M26: =IF(L26="","",(L26-AVERAGE(L6:L1198))/(STDEV(L6:L1198)+1E-12)) | N26: =IF('3a Raw'!I26="","",MAX(-3,MIN(3,('3a Raw'!I26-$N3)/$N4))) | O26: =IF(N26="","",(N26-AVERAGE(N6:N1198))/(STDEV(N6:N1198)+1E-12)) | P26: =IF('3a Raw'!J26="","",MAX(-3,MIN(3,('3a Raw'!J26-$P3)/$P4))) | Q26: =IF(P26="","",(P26-AVERAGE(P6:P1198))/(STDEV(P6:P1198)+1E-12)) | R26: =IF('3a Raw'!K26="","",MAX(-3,MIN(3,('3a Raw'!K26-$R3)/$R4))) | S26: =IF(R26="","",(R26-AVERAGE(R6:R1198))/(STDEV(R6:R1198)+1E-12)) | T26: =IF('3a Raw'!L26="","",MAX(-3,MIN(3,('3a Raw'!L26-$T3)/$T4))) | U26: =IF(T26="","",(T26-AVERAGE(T6:T1198))/(STDEV(T6:T1198)+1E-12)) | X26: =IF(U26="","",U26-($V$3*G26+$W$3)) | Y26: =IF(X26="","",MAX(-3,MIN(3,(X26-$X3)/$X4))) | Z26: =IF(Y26="","",(Y26-AVERAGE(Y6:Y1198))/(STDEV(Y6:Y1198)+1E-12))
A27: BBG000BB6G37 | B27: =IF('3a Raw'!C27="","",MAX(-3,MIN(3,('3a Raw'!C27-$B3)/$B4))) | C27: =IF(B27="","",(B27-AVERAGE(B6:B1198))/(STDEV(B6:B1198)+1E-12)) | D27: =IF('3a Raw'!D27="","",MAX(-3,MIN(3,('3a Raw'!D27-$D3)/$D4))) | E27: =IF(D27="","",(D27-AVERAGE(D6:D1198))/(STDEV(D6:D1198)+1E-12)) | F27: =IF('3a Raw'!E27="","",MAX(-3,MIN(3,('3a Raw'!E27-$F3)/$F4))) | G27: =IF(F27="","",(F27-AVERAGE(F6:F1198))/(STDEV(F6:F1198)+1E-12)) | H27: =IF('3a Raw'!F27="","",MAX(-3,MIN(3,('3a Raw'!F27-$H3)/$H4))) | I27: =IF(H27="","",(H27-AVERAGE(H6:H1198))/(STDEV(H6:H1198)+1E-12)) | J27: =IF('3a Raw'!G27="","",MAX(-3,MIN(3,('3a Raw'!G27-$J3)/$J4))) | K27: =IF(J27="","",(J27-AVERAGE(J6:J1198))/(STDEV(J6:J1198)+1E-12)) | L27: =IF('3a Raw'!H27="","",MAX(-3,MIN(3,('3a Raw'!H27-$L3)/$L4))) | M27: =IF(L27="","",(L27-AVERAGE(L6:L1198))/(STDEV(L6:L1198)+1E-12)) | N27: =IF('3a Raw'!I27="","",MAX(-3,MIN(3,('3a Raw'!I27-$N3)/$N4))) | O27: =IF(N27="","",(N27-AVERAGE(N6:N1198))/(STDEV(N6:N1198)+1E-12)) | P27: =IF('3a Raw'!J27="","",MAX(-3,MIN(3,('3a Raw'!J27-$P3)/$P4))) | Q27: =IF(P27="","",(P27-AVERAGE(P6:P1198))/(STDEV(P6:P1198)+1E-12)) | R27: =IF('3a Raw'!K27="","",MAX(-3,MIN(3,('3a Raw'!K27-$R3)/$R4))) | S27: =IF(R27="","",(R27-AVERAGE(R6:R1198))/(STDEV(R6:R1198)+1E-12)) | T27: =IF('3a Raw'!L27="","",MAX(-3,MIN(3,('3a Raw'!L27-$T3)/$T4))) | U27: =IF(T27="","",(T27-AVERAGE(T6:T1198))/(STDEV(T6:T1198)+1E-12)) | X27: =IF(U27="","",U27-($V$3*G27+$W$3)) | Y27: =IF(X27="","",MAX(-3,MIN(3,(X27-$X3)/$X4))) | Z27: =IF(Y27="","",(Y27-AVERAGE(Y6:Y1198))/(STDEV(Y6:Y1198)+1E-12))
A28: BBG000BB6WG8 | B28: =IF('3a Raw'!C28="","",MAX(-3,MIN(3,('3a Raw'!C28-$B3)/$B4))) | C28: =IF(B28="","",(B28-AVERAGE(B6:B1198))/(STDEV(B6:B1198)+1E-12)) | D28: =IF('3a Raw'!D28="","",MAX(-3,MIN(3,('3a Raw'!D28-$D3)/$D4))) | E28: =IF(D28="","",(D28-AVERAGE(D6:D1198))/(STDEV(D6:D1198)+1E-12)) | F28: =IF('3a Raw'!E28="","",MAX(-3,MIN(3,('3a Raw'!E28-$F3)/$F4))) | G28: =IF(F28="","",(F28-AVERAGE(F6:F1198))/(STDEV(F6:F1198)+1E-12)) | H28: =IF('3a Raw'!F28="","",MAX(-3,MIN(3,('3a Raw'!F28-$H3)/$H4))) | I28: =IF(H28="","",(H28-AVERAGE(H6:H1198))/(STDEV(H6:H1198)+1E-12)) | J28: =IF('3a Raw'!G28="","",MAX(-3,MIN(3,('3a Raw'!G28-$J3)/$J4))) | K28: =IF(J28="","",(J28-AVERAGE(J6:J1198))/(STDEV(J6:J1198)+1E-12)) | L28: =IF('3a Raw'!H28="","",MAX(-3,MIN(3,('3a Raw'!H28-$L3)/$L4))) | M28: =IF(L28="","",(L28-AVERAGE(L6:L1198))/(STDEV(L6:L1198)+1E-12)) | N28: =IF('3a Raw'!I28="","",MAX(-3,MIN(3,('3a Raw'!I28-$N3)/$N4))) | O28: =IF(N28="","",(N28-AVERAGE(N6:N1198))/(STDEV(N6:N1198)+1E-12)) | P28: =IF('3a Raw'!J28="","",MAX(-3,MIN(3,('3a Raw'!J28-$P3)/$P4))) | Q28: =IF(P28="","",(P28-AVERAGE(P6:P1198))/(STDEV(P6:P1198)+1E-12)) | R28: =IF('3a Raw'!K28="","",MAX(-3,MIN(3,('3a Raw'!K28-$R3)/$R4))) | S28: =IF(R28="","",(R28-AVERAGE(R6:R1198))/(STDEV(R6:R1198)+1E-12)) | T28: =IF('3a Raw'!L28="","",MAX(-3,MIN(3,('3a Raw'!L28-$T3)/$T4))) | U28: =IF(T28="","",(T28-AVERAGE(T6:T1198))/(STDEV(T6:T1198)+1E-12)) | X28: =IF(U28="","",U28-($V$3*G28+$W$3)) | Y28: =IF(X28="","",MAX(-3,MIN(3,(X28-$X3)/$X4))) | Z28: =IF(Y28="","",(Y28-AVERAGE(Y6:Y1198))/(STDEV(Y6:Y1198)+1E-12))
A29: BBG000JG0547 | B29: =IF('3a Raw'!C29="","",MAX(-3,MIN(3,('3a Raw'!C29-$B3)/$B4))) | C29: =IF(B29="","",(B29-AVERAGE(B6:B1198))/(STDEV(B6:B1198)+1E-12)) | D29: =IF('3a Raw'!D29="","",MAX(-3,MIN(3,('3a Raw'!D29-$D3)/$D4))) | E29: =IF(D29="","",(D29-AVERAGE(D6:D1198))/(STDEV(D6:D1198)+1E-12)) | F29: =IF('3a Raw'!E29="","",MAX(-3,MIN(3,('3a Raw'!E29-$F3)/$F4))) | G29: =IF(F29="","",(F29-AVERAGE(F6:F1198))/(STDEV(F6:F1198)+1E-12)) | H29: =IF('3a Raw'!F29="","",MAX(-3,MIN(3,('3a Raw'!F29-$H3)/$H4))) | I29: =IF(H29="","",(H29-AVERAGE(H6:H1198))/(STDEV(H6:H1198)+1E-12)) | J29: =IF('3a Raw'!G29="","",MAX(-3,MIN(3,('3a Raw'!G29-$J3)/$J4))) | K29: =IF(J29="","",(J29-AVERAGE(J6:J1198))/(STDEV(J6:J1198)+1E-12)) | L29: =IF('3a Raw'!H29="","",MAX(-3,MIN(3,('3a Raw'!H29-$L3)/$L4))) | M29: =IF(L29="","",(L29-AVERAGE(L6:L1198))/(STDEV(L6:L1198)+1E-12)) | N29: =IF('3a Raw'!I29="","",MAX(-3,MIN(3,('3a Raw'!I29-$N3)/$N4))) | O29: =IF(N29="","",(N29-AVERAGE(N6:N1198))/(STDEV(N6:N1198)+1E-12)) | P29: =IF('3a Raw'!J29="","",MAX(-3,MIN(3,('3a Raw'!J29-$P3)/$P4))) | Q29: =IF(P29="","",(P29-AVERAGE(P6:P1198))/(STDEV(P6:P1198)+1E-12)) | R29: =IF('3a Raw'!K29="","",MAX(-3,MIN(3,('3a Raw'!K29-$R3)/$R4))) | S29: =IF(R29="","",(R29-AVERAGE(R6:R1198))/(STDEV(R6:R1198)+1E-12)) | T29: =IF('3a Raw'!L29="","",MAX(-3,MIN(3,('3a Raw'!L29-$T3)/$T4))) | U29: =IF(T29="","",(T29-AVERAGE(T6:T1198))/(STDEV(T6:T1198)+1E-12)) | X29: =IF(U29="","",U29-($V$3*G29+$W$3)) | Y29: =IF(X29="","",MAX(-3,MIN(3,(X29-$X3)/$X4))) | Z29: =IF(Y29="","",(Y29-AVERAGE(Y6:Y1198))/(STDEV(Y6:Y1198)+1E-12))
A30: BBG000BM7HL0 | B30: =IF('3a Raw'!C30="","",MAX(-3,MIN(3,('3a Raw'!C30-$B3)/$B4))) | C30: =IF(B30="","",(B30-AVERAGE(B6:B1198))/(STDEV(B6:B1198)+1E-12)) | D30: =IF('3a Raw'!D30="","",MAX(-3,MIN(3,('3a Raw'!D30-$D3)/$D4))) | E30: =IF(D30="","",(D30-AVERAGE(D6:D1198))/(STDEV(D6:D1198)+1E-12)) | F30: =IF('3a Raw'!E30="","",MAX(-3,MIN(3,('3a Raw'!E30-$F3)/$F4))) | G30: =IF(F30="","",(F30-AVERAGE(F6:F1198))/(STDEV(F6:F1198)+1E-12)) | H30: =IF('3a Raw'!F30="","",MAX(-3,MIN(3,('3a Raw'!F30-$H3)/$H4))) | I30: =IF(H30="","",(H30-AVERAGE(H6:H1198))/(STDEV(H6:H1198)+1E-12)) | J30: =IF('3a Raw'!G30="","",MAX(-3,MIN(3,('3a Raw'!G30-$J3)/$J4))) | K30: =IF(J30="","",(J30-AVERAGE(J6:J1198))/(STDEV(J6:J1198)+1E-12)) | L30: =IF('3a Raw'!H30="","",MAX(-3,MIN(3,('3a Raw'!H30-$L3)/$L4))) | M30: =IF(L30="","",(L30-AVERAGE(L6:L1198))/(STDEV(L6:L1198)+1E-12)) | N30: =IF('3a Raw'!I30="","",MAX(-3,MIN(3,('3a Raw'!I30-$N3)/$N4))) | O30: =IF(N30="","",(N30-AVERAGE(N6:N1198))/(STDEV(N6:N1198)+1E-12)) | P30: =IF('3a Raw'!J30="","",MAX(-3,MIN(3,('3a Raw'!J30-$P3)/$P4))) | Q30: =IF(P30="","",(P30-AVERAGE(P6:P1198))/(STDEV(P6:P1198)+1E-12)) | R30: =IF('3a Raw'!K30="","",MAX(-3,MIN(3,('3a Raw'!K30-$R3)/$R4))) | S30: =IF(R30="","",(R30-AVERAGE(R6:R1198))/(STDEV(R6:R1198)+1E-12)) | T30: =IF('3a Raw'!L30="","",MAX(-3,MIN(3,('3a Raw'!L30-$T3)/$T4))) | U30: =IF(T30="","",(T30-AVERAGE(T6:T1198))/(STDEV(T6:T1198)+1E-12)) | X30: =IF(U30="","",U30-($V$3*G30+$W$3)) | Y30: =IF(X30="","",MAX(-3,MIN(3,(X30-$X3)/$X4))) | Z30: =IF(Y30="","",(Y30-AVERAGE(Y6:Y1198))/(STDEV(Y6:Y1198)+1E-12))
A31: BBG000BP9WJ1 | B31: =IF('3a Raw'!C31="","",MAX(-3,MIN(3,('3a Raw'!C31-$B3)/$B4))) | C31: =IF(B31="","",(B31-AVERAGE(B6:B1198))/(STDEV(B6:B1198)+1E-12)) | D31: =IF('3a Raw'!D31="","",MAX(-3,MIN(3,('3a Raw'!D31-$D3)/$D4))) | E31: =IF(D31="","",(D31-AVERAGE(D6:D1198))/(STDEV(D6:D1198)+1E-12)) | F31: =IF('3a Raw'!E31="","",MAX(-3,MIN(3,('3a Raw'!E31-$F3)/$F4))) | G31: =IF(F31="","",(F31-AVERAGE(F6:F1198))/(STDEV(F6:F1198)+1E-12)) | H31: =IF('3a Raw'!F31="","",MAX(-3,MIN(3,('3a Raw'!F31-$H3)/$H4))) | I31: =IF(H31="","",(H31-AVERAGE(H6:H1198))/(STDEV(H6:H1198)+1E-12)) | J31: =IF('3a Raw'!G31="","",MAX(-3,MIN(3,('3a Raw'!G31-$J3)/$J4))) | K31: =IF(J31="","",(J31-AVERAGE(J6:J1198))/(STDEV(J6:J1198)+1E-12)) | L31: =IF('3a Raw'!H31="","",MAX(-3,MIN(3,('3a Raw'!H31-$L3)/$L4))) | M31: =IF(L31="","",(L31-AVERAGE(L6:L1198))/(STDEV(L6:L1198)+1E-12)) | N31: =IF('3a Raw'!I31="","",MAX(-3,MIN(3,('3a Raw'!I31-$N3)/$N4))) | O31: =IF(N31="","",(N31-AVERAGE(N6:N1198))/(STDEV(N6:N1198)+1E-12)) | P31: =IF('3a Raw'!J31="","",MAX(-3,MIN(3,('3a Raw'!J31-$P3)/$P4))) | Q31: =IF(P31="","",(P31-AVERAGE(P6:P1198))/(STDEV(P6:P1198)+1E-12)) | R31: =IF('3a Raw'!K31="","",MAX(-3,MIN(3,('3a Raw'!K31-$R3)/$R4))) | S31: =IF(R31="","",(R31-AVERAGE(R6:R1198))/(STDEV(R6:R1198)+1E-12)) | T31: =IF('3a Raw'!L31="","",MAX(-3,MIN(3,('3a Raw'!L31-$T3)/$T4))) | U31: =IF(T31="","",(T31-AVERAGE(T6:T1198))/(STDEV(T6:T1198)+1E-12)) | X31: =IF(U31="","",U31-($V$3*G31+$W$3)) | Y31: =IF(X31="","",MAX(-3,MIN(3,(X31-$X3)/$X4))) | Z31: =IF(Y31="","",(Y31-AVERAGE(Y6:Y1198))/(STDEV(Y6:Y1198)+1E-12))
A32: BBG000B9X8C0 | B32: =IF('3a Raw'!C32="","",MAX(-3,MIN(3,('3a Raw'!C32-$B3)/$B4))) | C32: =IF(B32="","",(B32-AVERAGE(B6:B1198))/(STDEV(B6:B1198)+1E-12)) | D32: =IF('3a Raw'!D32="","",MAX(-3,MIN(3,('3a Raw'!D32-$D3)/$D4))) | E32: =IF(D32="","",(D32-AVERAGE(D6:D1198))/(STDEV(D6:D1198)+1E-12)) | F32: =IF('3a Raw'!E32="","",MAX(-3,MIN(3,('3a Raw'!E32-$F3)/$F4))) | G32: =IF(F32="","",(F32-AVERAGE(F6:F1198))/(STDEV(F6:F1198)+1E-12)) | H32: =IF('3a Raw'!F32="","",MAX(-3,MIN(3,('3a Raw'!F32-$H3)/$H4))) | I32: =IF(H32="","",(H32-AVERAGE(H6:H1198))/(STDEV(H6:H1198)+1E-12)) | J32: =IF('3a Raw'!G32="","",MAX(-3,MIN(3,('3a Raw'!G32-$J3)/$J4))) | K32: =IF(J32="","",(J32-AVERAGE(J6:J1198))/(STDEV(J6:J1198)+1E-12)) | L32: =IF('3a Raw'!H32="","",MAX(-3,MIN(3,('3a Raw'!H32-$L3)/$L4))) | M32: =IF(L32="","",(L32-AVERAGE(L6:L1198))/(STDEV(L6:L1198)+1E-12)) | N32: =IF('3a Raw'!I32="","",MAX(-3,MIN(3,('3a Raw'!I32-$N3)/$N4))) | O32: =IF(N32="","",(N32-AVERAGE(N6:N1198))/(STDEV(N6:N1198)+1E-12)) | P32: =IF('3a Raw'!J32="","",MAX(-3,MIN(3,('3a Raw'!J32-$P3)/$P4))) | Q32: =IF(P32="","",(P32-AVERAGE(P6:P1198))/(STDEV(P6:P1198)+1E-12)) | R32: =IF('3a Raw'!K32="","",MAX(-3,MIN(3,('3a Raw'!K32-$R3)/$R4))) | S32: =IF(R32="","",(R32-AVERAGE(R6:R1198))/(STDEV(R6:R1198)+1E-12)) | T32: =IF('3a Raw'!L32="","",MAX(-3,MIN(3,('3a Raw'!L32-$T3)/$T4))) | U32: =IF(T32="","",(T32-AVERAGE(T6:T1198))/(STDEV(T6:T1198)+1E-12)) | X32: =IF(U32="","",U32-($V$3*G32+$W$3)) | Y32: =IF(X32="","",MAX(-3,MIN(3,(X32-$X3)/$X4))) | Z32: =IF(Y32="","",(Y32-AVERAGE(Y6:Y1198))/(STDEV(Y6:Y1198)+1E-12))
A33: BBG000FKMP26 | B33: =IF('3a Raw'!C33="","",MAX(-3,MIN(3,('3a Raw'!C33-$B3)/$B4))) | C33: =IF(B33="","",(B33-AVERAGE(B6:B1198))/(STDEV(B6:B1198)+1E-12)) | D33: =IF('3a Raw'!D33="","",MAX(-3,MIN(3,('3a Raw'!D33-$D3)/$D4))) | E33: =IF(D33="","",(D33-AVERAGE(D6:D1198))/(STDEV(D6:D1198)+1E-12)) | F33: =IF('3a Raw'!E33="","",MAX(-3,MIN(3,('3a Raw'!E33-$F3)/$F4))) | G33: =IF(F33="","",(F33-AVERAGE(F6:F1198))/(STDEV(F6:F1198)+1E-12)) | H33: =IF('3a Raw'!F33="","",MAX(-3,MIN(3,('3a Raw'!F33-$H3)/$H4))) | I33: =IF(H33="","",(H33-AVERAGE(H6:H1198))/(STDEV(H6:H1198)+1E-12)) | J33: =IF('3a Raw'!G33="","",MAX(-3,MIN(3,('3a Raw'!G33-$J3)/$J4))) | K33: =IF(J33="","",(J33-AVERAGE(J6:J1198))/(STDEV(J6:J1198)+1E-12)) | L33: =IF('3a Raw'!H33="","",MAX(-3,MIN(3,('3a Raw'!H33-$L3)/$L4))) | M33: =IF(L33="","",(L33-AVERAGE(L6:L1198))/(STDEV(L6:L1198)+1E-12)) | N33: =IF('3a Raw'!I33="","",MAX(-3,MIN(3,('3a Raw'!I33-$N3)/$N4))) | O33: =IF(N33="","",(N33-AVERAGE(N6:N1198))/(STDEV(N6:N1198)+1E-12)) | P33: =IF('3a Raw'!J33="","",MAX(-3,MIN(3,('3a Raw'!J33-$P3)/$P4))) | Q33: =IF(P33="","",(P33-AVERAGE(P6:P1198))/(STDEV(P6:P1198)+1E-12)) | R33: =IF('3a Raw'!K33="","",MAX(-3,MIN(3,('3a Raw'!K33-$R3)/$R4))) | S33: =IF(R33="","",(R33-AVERAGE(R6:R1198))/(STDEV(R6:R1198)+1E-12)) | T33: =IF('3a Raw'!L33="","",MAX(-3,MIN(3,('3a Raw'!L33-$T3)/$T4))) | U33: =IF(T33="","",(T33-AVERAGE(T6:T1198))/(STDEV(T6:T1198)+1E-12)) | X33: =IF(U33="","",U33-($V$3*G33+$W$3)) | Y33: =IF(X33="","",MAX(-3,MIN(3,(X33-$X3)/$X4))) | Z33: =IF(Y33="","",(Y33-AVERAGE(Y6:Y1198))/(STDEV(Y6:Y1198)+1E-12))
A34: BBG000DLVDK3 | B34: =IF('3a Raw'!C34="","",MAX(-3,MIN(3,('3a Raw'!C34-$B3)/$B4))) | C34: =IF(B34="","",(B34-AVERAGE(B6:B1198))/(STDEV(B6:B1198)+1E-12)) | D34: =IF('3a Raw'!D34="","",MAX(-3,MIN(3,('3a Raw'!D34-$D3)/$D4))) | E34: =IF(D34="","",(D34-AVERAGE(D6:D1198))/(STDEV(D6:D1198)+1E-12)) | F34: =IF('3a Raw'!E34="","",MAX(-3,MIN(3,('3a Raw'!E34-$F3)/$F4))) | G34: =IF(F34="","",(F34-AVERAGE(F6:F1198))/(STDEV(F6:F1198)+1E-12)) | H34: =IF('3a Raw'!F34="","",MAX(-3,MIN(3,('3a Raw'!F34-$H3)/$H4))) | I34: =IF(H34="","",(H34-AVERAGE(H6:H1198))/(STDEV(H6:H1198)+1E-12)) | J34: =IF('3a Raw'!G34="","",MAX(-3,MIN(3,('3a Raw'!G34-$J3)/$J4))) | K34: =IF(J34="","",(J34-AVERAGE(J6:J1198))/(STDEV(J6:J1198)+1E-12)) | L34: =IF('3a Raw'!H34="","",MAX(-3,MIN(3,('3a Raw'!H34-$L3)/$L4))) | M34: =IF(L34="","",(L34-AVERAGE(L6:L1198))/(STDEV(L6:L1198)+1E-12)) | N34: =IF('3a Raw'!I34="","",MAX(-3,MIN(3,('3a Raw'!I34-$N3)/$N4))) | O34: =IF(N34="","",(N34-AVERAGE(N6:N1198))/(STDEV(N6:N1198)+1E-12)) | P34: =IF('3a Raw'!J34="","",MAX(-3,MIN(3,('3a Raw'!J34-$P3)/$P4))) | Q34: =IF(P34="","",(P34-AVERAGE(P6:P1198))/(STDEV(P6:P1198)+1E-12)) | R34: =IF('3a Raw'!K34="","",MAX(-3,MIN(3,('3a Raw'!K34-$R3)/$R4))) | S34: =IF(R34="","",(R34-AVERAGE(R6:R1198))/(STDEV(R6:R1198)+1E-12)) | T34: =IF('3a Raw'!L34="","",MAX(-3,MIN(3,('3a Raw'!L34-$T3)/$T4))) | U34: =IF(T34="","",(T34-AVERAGE(T6:T1198))/(STDEV(T6:T1198)+1E-12)) | X34: =IF(U34="","",U34-($V$3*G34+$W$3)) | Y34: =IF(X34="","",MAX(-3,MIN(3,(X34-$X3)/$X4))) | Z34: =IF(Y34="","",(Y34-AVERAGE(Y6:Y1198))/(STDEV(Y6:Y1198)+1E-12))
A35: BBG000BGXZB5 | B35: =IF('3a Raw'!C35="","",MAX(-3,MIN(3,('3a Raw'!C35-$B3)/$B4))) | C35: =IF(B35="","",(B35-AVERAGE(B6:B1198))/(STDEV(B6:B1198)+1E-12)) | D35: =IF('3a Raw'!D35="","",MAX(-3,MIN(3,('3a Raw'!D35-$D3)/$D4))) | E35: =IF(D35="","",(D35-AVERAGE(D6:D1198))/(STDEV(D6:D1198)+1E-12)) | F35: =IF('3a Raw'!E35="","",MAX(-3,MIN(3,('3a Raw'!E35-$F3)/$F4))) | G35: =IF(F35="","",(F35-AVERAGE(F6:F1198))/(STDEV(F6:F1198)+1E-12)) | H35: =IF('3a Raw'!F35="","",MAX(-3,MIN(3,('3a Raw'!F35-$H3)/$H4))) | I35: =IF(H35="","",(H35-AVERAGE(H6:H1198))/(STDEV(H6:H1198)+1E-12)) | J35: =IF('3a Raw'!G35="","",MAX(-3,MIN(3,('3a Raw'!G35-$J3)/$J4))) | K35: =IF(J35="","",(J35-AVERAGE(J6:J1198))/(STDEV(J6:J1198)+1E-12)) | L35: =IF('3a Raw'!H35="","",MAX(-3,MIN(3,('3a Raw'!H35-$L3)/$L4))) | M35: =IF(L35="","",(L35-AVERAGE(L6:L1198))/(STDEV(L6:L1198)+1E-12)) | N35: =IF('3a Raw'!I35="","",MAX(-3,MIN(3,('3a Raw'!I35-$N3)/$N4))) | O35: =IF(N35="","",(N35-AVERAGE(N6:N1198))/(STDEV(N6:N1198)+1E-12)) | P35: =IF('3a Raw'!J35="","",MAX(-3,MIN(3,('3a Raw'!J35-$P3)/$P4))) | Q35: =IF(P35="","",(P35-AVERAGE(P6:P1198))/(STDEV(P6:P1198)+1E-12)) | R35: =IF('3a Raw'!K35="","",MAX(-3,MIN(3,('3a Raw'!K35-$R3)/$R4))) | S35: =IF(R35="","",(R35-AVERAGE(R6:R1198))/(STDEV(R6:R1198)+1E-12)) | T35: =IF('3a Raw'!L35="","",MAX(-3,MIN(3,('3a Raw'!L35-$T3)/$T4))) | U35: =IF(T35="","",(T35-AVERAGE(T6:T1198))/(STDEV(T6:T1198)+1E-12)) | X35: =IF(U35="","",U35-($V$3*G35+$W$3)) | Y35: =IF(X35="","",MAX(-3,MIN(3,(X35-$X3)/$X4))) | Z35: =IF(Y35="","",(Y35-AVERAGE(Y6:Y1198))/(STDEV(Y6:Y1198)+1E-12))
A36: BBG000BB9KF2 | B36: =IF('3a Raw'!C36="","",MAX(-3,MIN(3,('3a Raw'!C36-$B3)/$B4))) | C36: =IF(B36="","",(B36-AVERAGE(B6:B1198))/(STDEV(B6:B1198)+1E-12)) | D36: =IF('3a Raw'!D36="","",MAX(-3,MIN(3,('3a Raw'!D36-$D3)/$D4))) | E36: =IF(D36="","",(D36-AVERAGE(D6:D1198))/(STDEV(D6:D1198)+1E-12)) | F36: =IF('3a Raw'!E36="","",MAX(-3,MIN(3,('3a Raw'!E36-$F3)/$F4))) | G36: =IF(F36="","",(F36-AVERAGE(F6:F1198))/(STDEV(F6:F1198)+1E-12)) | H36: =IF('3a Raw'!F36="","",MAX(-3,MIN(3,('3a Raw'!F36-$H3)/$H4))) | I36: =IF(H36="","",(H36-AVERAGE(H6:H1198))/(STDEV(H6:H1198)+1E-12)) | J36: =IF('3a Raw'!G36="","",MAX(-3,MIN(3,('3a Raw'!G36-$J3)/$J4))) | K36: =IF(J36="","",(J36-AVERAGE(J6:J1198))/(STDEV(J6:J1198)+1E-12)) | L36: =IF('3a Raw'!H36="","",MAX(-3,MIN(3,('3a Raw'!H36-$L3)/$L4))) | M36: =IF(L36="","",(L36-AVERAGE(L6:L1198))/(STDEV(L6:L1198)+1E-12)) | N36: =IF('3a Raw'!I36="","",MAX(-3,MIN(3,('3a Raw'!I36-$N3)/$N4))) | O36: =IF(N36="","",(N36-AVERAGE(N6:N1198))/(STDEV(N6:N1198)+1E-12)) | P36: =IF('3a Raw'!J36="","",MAX(-3,MIN(3,('3a Raw'!J36-$P3)/$P4))) | Q36: =IF(P36="","",(P36-AVERAGE(P6:P1198))/(STDEV(P6:P1198)+1E-12)) | R36: =IF('3a Raw'!K36="","",MAX(-3,MIN(3,('3a Raw'!K36-$R3)/$R4))) | S36: =IF(R36="","",(R36-AVERAGE(R6:R1198))/(STDEV(R6:R1198)+1E-12)) | T36: =IF('3a Raw'!L36="","",MAX(-3,MIN(3,('3a Raw'!L36-$T3)/$T4))) | U36: =IF(T36="","",(T36-AVERAGE(T6:T1198))/(STDEV(T6:T1198)+1E-12)) | X36: =IF(U36="","",U36-($V$3*G36+$W$3)) | Y36: =IF(X36="","",MAX(-3,MIN(3,(X36-$X3)/$X4))) | Z36: =IF(Y36="","",(Y36-AVERAGE(Y6:Y1198))/(STDEV(Y6:Y1198)+1E-12))
A37: BBG000C23KJ3 | B37: =IF('3a Raw'!C37="","",MAX(-3,MIN(3,('3a Raw'!C37-$B3)/$B4))) | C37: =IF(B37="","",(B37-AVERAGE(B6:B1198))/(STDEV(B6:B1198)+1E-12)) | D37: =IF('3a Raw'!D37="","",MAX(-3,MIN(3,('3a Raw'!D37-$D3)/$D4))) | E37: =IF(D37="","",(D37-AVERAGE(D6:D1198))/(STDEV(D6:D1198)+1E-12)) | F37: =IF('3a Raw'!E37="","",MAX(-3,MIN(3,('3a Raw'!E37-$F3)/$F4))) | G37: =IF(F37="","",(F37-AVERAGE(F6:F1198))/(STDEV(F6:F1198)+1E-12)) | H37: =IF('3a Raw'!F37="","",MAX(-3,MIN(3,('3a Raw'!F37-$H3)/$H4))) | I37: =IF(H37="","",(H37-AVERAGE(H6:H1198))/(STDEV(H6:H1198)+1E-12)) | J37: =IF('3a Raw'!G37="","",MAX(-3,MIN(3,('3a Raw'!G37-$J3)/$J4))) | K37: =IF(J37="","",(J37-AVERAGE(J6:J1198))/(STDEV(J6:J1198)+1E-12)) | L37: =IF('3a Raw'!H37="","",MAX(-3,MIN(3,('3a Raw'!H37-$L3)/$L4))) | M37: =IF(L37="","",(L37-AVERAGE(L6:L1198))/(STDEV(L6:L1198)+1E-12)) | N37: =IF('3a Raw'!I37="","",MAX(-3,MIN(3,('3a Raw'!I37-$N3)/$N4))) | O37: =IF(N37="","",(N37-AVERAGE(N6:N1198))/(STDEV(N6:N1198)+1E-12)) | P37: =IF('3a Raw'!J37="","",MAX(-3,MIN(3,('3a Raw'!J37-$P3)/$P4))) | Q37: =IF(P37="","",(P37-AVERAGE(P6:P1198))/(STDEV(P6:P1198)+1E-12)) | R37: =IF('3a Raw'!K37="","",MAX(-3,MIN(3,('3a Raw'!K37-$R3)/$R4))) | S37: =IF(R37="","",(R37-AVERAGE(R6:R1198))/(STDEV(R6:R1198)+1E-12)) | T37: =IF('3a Raw'!L37="","",MAX(-3,MIN(3,('3a Raw'!L37-$T3)/$T4))) | U37: =IF(T37="","",(T37-AVERAGE(T6:T1198))/(STDEV(T6:T1198)+1E-12)) | X37: =IF(U37="","",U37-($V$3*G37+$W$3)) | Y37: =IF(X37="","",MAX(-3,MIN(3,(X37-$X3)/$X4))) | Z37: =IF(Y37="","",(Y37-AVERAGE(Y6:Y1198))/(STDEV(Y6:Y1198)+1E-12))
A38: BBG000BBBNC6 | B38: =IF('3a Raw'!C38="","",MAX(-3,MIN(3,('3a Raw'!C38-$B3)/$B4))) | C38: =IF(B38="","",(B38-AVERAGE(B6:B1198))/(STDEV(B6:B1198)+1E-12)) | D38: =IF('3a Raw'!D38="","",MAX(-3,MIN(3,('3a Raw'!D38-$D3)/$D4))) | E38: =IF(D38="","",(D38-AVERAGE(D6:D1198))/(STDEV(D6:D1198)+1E-12)) | F38: =IF('3a Raw'!E38="","",MAX(-3,MIN(3,('3a Raw'!E38-$F3)/$F4))) | G38: =IF(F38="","",(F38-AVERAGE(F6:F1198))/(STDEV(F6:F1198)+1E-12)) | H38: =IF('3a Raw'!F38="","",MAX(-3,MIN(3,('3a Raw'!F38-$H3)/$H4))) | I38: =IF(H38="","",(H38-AVERAGE(H6:H1198))/(STDEV(H6:H1198)+1E-12)) | J38: =IF('3a Raw'!G38="","",MAX(-3,MIN(3,('3a Raw'!G38-$J3)/$J4))) | K38: =IF(J38="","",(J38-AVERAGE(J6:J1198))/(STDEV(J6:J1198)+1E-12)) | L38: =IF('3a Raw'!H38="","",MAX(-3,MIN(3,('3a Raw'!H38-$L3)/$L4))) | M38: =IF(L38="","",(L38-AVERAGE(L6:L1198))/(STDEV(L6:L1198)+1E-12)) | N38: =IF('3a Raw'!I38="","",MAX(-3,MIN(3,('3a Raw'!I38-$N3)/$N4))) | O38: =IF(N38="","",(N38-AVERAGE(N6:N1198))/(STDEV(N6:N1198)+1E-12)) | P38: =IF('3a Raw'!J38="","",MAX(-3,MIN(3,('3a Raw'!J38-$P3)/$P4))) | Q38: =IF(P38="","",(P38-AVERAGE(P6:P1198))/(STDEV(P6:P1198)+1E-12)) | R38: =IF('3a Raw'!K38="","",MAX(-3,MIN(3,('3a Raw'!K38-$R3)/$R4))) | S38: =IF(R38="","",(R38-AVERAGE(R6:R1198))/(STDEV(R6:R1198)+1E-12)) | T38: =IF('3a Raw'!L38="","",MAX(-3,MIN(3,('3a Raw'!L38-$T3)/$T4))) | U38: =IF(T38="","",(T38-AVERAGE(T6:T1198))/(STDEV(T6:T1198)+1E-12)) | X38: =IF(U38="","",U38-($V$3*G38+$W$3)) | Y38: =IF(X38="","",MAX(-3,MIN(3,(X38-$X3)/$X4))) | Z38: =IF(Y38="","",(Y38-AVERAGE(Y6:Y1198))/(STDEV(Y6:Y1198)+1E-12))
A39: BBG00Y7BP8Y1 | B39: =IF('3a Raw'!C39="","",MAX(-3,MIN(3,('3a Raw'!C39-$B3)/$B4))) | C39: =IF(B39="","",(B39-AVERAGE(B6:B1198))/(STDEV(B6:B1198)+1E-12)) | D39: =IF('3a Raw'!D39="","",MAX(-3,MIN(3,('3a Raw'!D39-$D3)/$D4))) | E39: =IF(D39="","",(D39-AVERAGE(D6:D1198))/(STDEV(D6:D1198)+1E-12)) | F39: =IF('3a Raw'!E39="","",MAX(-3,MIN(3,('3a Raw'!E39-$F3)/$F4))) | G39: =IF(F39="","",(F39-AVERAGE(F6:F1198))/(STDEV(F6:F1198)+1E-12)) | H39: =IF('3a Raw'!F39="","",MAX(-3,MIN(3,('3a Raw'!F39-$H3)/$H4))) | I39: =IF(H39="","",(H39-AVERAGE(H6:H1198))/(STDEV(H6:H1198)+1E-12)) | J39: =IF('3a Raw'!G39="","",MAX(-3,MIN(3,('3a Raw'!G39-$J3)/$J4))) | K39: =IF(J39="","",(J39-AVERAGE(J6:J1198))/(STDEV(J6:J1198)+1E-12)) | L39: =IF('3a Raw'!H39="","",MAX(-3,MIN(3,('3a Raw'!H39-$L3)/$L4))) | M39: =IF(L39="","",(L39-AVERAGE(L6:L1198))/(STDEV(L6:L1198)+1E-12)) | N39: =IF('3a Raw'!I39="","",MAX(-3,MIN(3,('3a Raw'!I39-$N3)/$N4))) | O39: =IF(N39="","",(N39-AVERAGE(N6:N1198))/(STDEV(N6:N1198)+1E-12)) | P39: =IF('3a Raw'!J39="","",MAX(-3,MIN(3,('3a Raw'!J39-$P3)/$P4))) | Q39: =IF(P39="","",(P39-AVERAGE(P6:P1198))/(STDEV(P6:P1198)+1E-12)) | R39: =IF('3a Raw'!K39="","",MAX(-3,MIN(3,('3a Raw'!K39-$R3)/$R4))) | S39: =IF(R39="","",(R39-AVERAGE(R6:R1198))/(STDEV(R6:R1198)+1E-12)) | T39: =IF('3a Raw'!L39="","",MAX(-3,MIN(3,('3a Raw'!L39-$T3)/$T4))) | U39: =IF(T39="","",(T39-AVERAGE(T6:T1198))/(STDEV(T6:T1198)+1E-12)) | X39: =IF(U39="","",U39-($V$3*G39+$W$3)) | Y39: =IF(X39="","",MAX(-3,MIN(3,(X39-$X3)/$X4))) | Z39: =IF(Y39="","",(Y39-AVERAGE(Y6:Y1198))/(STDEV(Y6:Y1198)+1E-12))
A40: BBG000QY4ZD0 | B40: =IF('3a Raw'!C40="","",MAX(-3,MIN(3,('3a Raw'!C40-$B3)/$B4))) | C40: =IF(B40="","",(B40-AVERAGE(B6:B1198))/(STDEV(B6:B1198)+1E-12)) | D40: =IF('3a Raw'!D40="","",MAX(-3,MIN(3,('3a Raw'!D40-$D3)/$D4))) | E40: =IF(D40="","",(D40-AVERAGE(D6:D1198))/(STDEV(D6:D1198)+1E-12)) | F40: =IF('3a Raw'!E40="","",MAX(-3,MIN(3,('3a Raw'!E40-$F3)/$F4))) | G40: =IF(F40="","",(F40-AVERAGE(F6:F1198))/(STDEV(F6:F1198)+1E-12)) | H40: =IF('3a Raw'!F40="","",MAX(-3,MIN(3,('3a Raw'!F40-$H3)/$H4))) | I40: =IF(H40="","",(H40-AVERAGE(H6:H1198))/(STDEV(H6:H1198)+1E-12)) | J40: =IF('3a Raw'!G40="","",MAX(-3,MIN(3,('3a Raw'!G40-$J3)/$J4))) | K40: =IF(J40="","",(J40-AVERAGE(J6:J1198))/(STDEV(J6:J1198)+1E-12)) | L40: =IF('3a Raw'!H40="","",MAX(-3,MIN(3,('3a Raw'!H40-$L3)/$L4))) | M40: =IF(L40="","",(L40-AVERAGE(L6:L1198))/(STDEV(L6:L1198)+1E-12)) | N40: =IF('3a Raw'!I40="","",MAX(-3,MIN(3,('3a Raw'!I40-$N3)/$N4))) | O40: =IF(N40="","",(N40-AVERAGE(N6:N1198))/(STDEV(N6:N1198)+1E-12)) | P40: =IF('3a Raw'!J40="","",MAX(-3,MIN(3,('3a Raw'!J40-$P3)/$P4))) | Q40: =IF(P40="","",(P40-AVERAGE(P6:P1198))/(STDEV(P6:P1198)+1E-12)) | R40: =IF('3a Raw'!K40="","",MAX(-3,MIN(3,('3a Raw'!K40-$R3)/$R4))) | S40: =IF(R40="","",(R40-AVERAGE(R6:R1198))/(STDEV(R6:R1198)+1E-12)) | T40: =IF('3a Raw'!L40="","",MAX(-3,MIN(3,('3a Raw'!L40-$T3)/$T4))) | U40: =IF(T40="","",(T40-AVERAGE(T6:T1198))/(STDEV(T6:T1198)+1E-12)) | X40: =IF(U40="","",U40-($V$3*G40+$W$3)) | Y40: =IF(X40="","",MAX(-3,MIN(3,(X40-$X3)/$X4))) | Z40: =IF(Y40="","",(Y40-AVERAGE(Y6:Y1198))/(STDEV(Y6:Y1198)+1E-12))
A41: BBG000TJ8XZ7 | B41: =IF('3a Raw'!C41="","",MAX(-3,MIN(3,('3a Raw'!C41-$B3)/$B4))) | C41: =IF(B41="","",(B41-AVERAGE(B6:B1198))/(STDEV(B6:B1198)+1E-12)) | D41: =IF('3a Raw'!D41="","",MAX(-3,MIN(3,('3a Raw'!D41-$D3)/$D4))) | E41: =IF(D41="","",(D41-AVERAGE(D6:D1198))/(STDEV(D6:D1198)+1E-12)) | F41: =IF('3a Raw'!E41="","",MAX(-3,MIN(3,('3a Raw'!E41-$F3)/$F4))) | G41: =IF(F41="","",(F41-AVERAGE(F6:F1198))/(STDEV(F6:F1198)+1E-12)) | H41: =IF('3a Raw'!F41="","",MAX(-3,MIN(3,('3a Raw'!F41-$H3)/$H4))) | I41: =IF(H41="","",(H41-AVERAGE(H6:H1198))/(STDEV(H6:H1198)+1E-12)) | J41: =IF('3a Raw'!G41="","",MAX(-3,MIN(3,('3a Raw'!G41-$J3)/$J4))) | K41: =IF(J41="","",(J41-AVERAGE(J6:J1198))/(STDEV(J6:J1198)+1E-12)) | L41: =IF('3a Raw'!H41="","",MAX(-3,MIN(3,('3a Raw'!H41-$L3)/$L4))) | M41: =IF(L41="","",(L41-AVERAGE(L6:L1198))/(STDEV(L6:L1198)+1E-12)) | N41: =IF('3a Raw'!I41="","",MAX(-3,MIN(3,('3a Raw'!I41-$N3)/$N4))) | O41: =IF(N41="","",(N41-AVERAGE(N6:N1198))/(STDEV(N6:N1198)+1E-12)) | P41: =IF('3a Raw'!J41="","",MAX(-3,MIN(3,('3a Raw'!J41-$P3)/$P4))) | Q41: =IF(P41="","",(P41-AVERAGE(P6:P1198))/(STDEV(P6:P1198)+1E-12)) | R41: =IF('3a Raw'!K41="","",MAX(-3,MIN(3,('3a Raw'!K41-$R3)/$R4))) | S41: =IF(R41="","",(R41-AVERAGE(R6:R1198))/(STDEV(R6:R1198)+1E-12)) | T41: =IF('3a Raw'!L41="","",MAX(-3,MIN(3,('3a Raw'!L41-$T3)/$T4))) | U41: =IF(T41="","",(T41-AVERAGE(T6:T1198))/(STDEV(T6:T1198)+1E-12)) | X41: =IF(U41="","",U41-($V$3*G41+$W$3)) | Y41: =IF(X41="","",MAX(-3,MIN(3,(X41-$X3)/$X4))) | Z41: =IF(Y41="","",(Y41-AVERAGE(Y6:Y1198))/(STDEV(Y6:Y1198)+1E-12))
A42: BBG000BR74W6 | B42: =IF('3a Raw'!C42="","",MAX(-3,MIN(3,('3a Raw'!C42-$B3)/$B4))) | C42: =IF(B42="","",(B42-AVERAGE(B6:B1198))/(STDEV(B6:B1198)+1E-12)) | D42: =IF('3a Raw'!D42="","",MAX(-3,MIN(3,('3a Raw'!D42-$D3)/$D4))) | E42: =IF(D42="","",(D42-AVERAGE(D6:D1198))/(STDEV(D6:D1198)+1E-12)) | F42: =IF('3a Raw'!E42="","",MAX(-3,MIN(3,('3a Raw'!E42-$F3)/$F4))) | G42: =IF(F42="","",(F42-AVERAGE(F6:F1198))/(STDEV(F6:F1198)+1E-12)) | H42: =IF('3a Raw'!F42="","",MAX(-3,MIN(3,('3a Raw'!F42-$H3)/$H4))) | I42: =IF(H42="","",(H42-AVERAGE(H6:H1198))/(STDEV(H6:H1198)+1E-12)) | J42: =IF('3a Raw'!G42="","",MAX(-3,MIN(3,('3a Raw'!G42-$J3)/$J4))) | K42: =IF(J42="","",(J42-AVERAGE(J6:J1198))/(STDEV(J6:J1198)+1E-12)) | L42: =IF('3a Raw'!H42="","",MAX(-3,MIN(3,('3a Raw'!H42-$L3)/$L4))) | M42: =IF(L42="","",(L42-AVERAGE(L6:L1198))/(STDEV(L6:L1198)+1E-12)) | N42: =IF('3a Raw'!I42="","",MAX(-3,MIN(3,('3a Raw'!I42-$N3)/$N4))) | O42: =IF(N42="","",(N42-AVERAGE(N6:N1198))/(STDEV(N6:N1198)+1E-12)) | P42: =IF('3a Raw'!J42="","",MAX(-3,MIN(3,('3a Raw'!J42-$P3)/$P4))) | Q42: =IF(P42="","",(P42-AVERAGE(P6:P1198))/(STDEV(P6:P1198)+1E-12)) | R42: =IF('3a Raw'!K42="","",MAX(-3,MIN(3,('3a Raw'!K42-$R3)/$R4))) | S42: =IF(R42="","",(R42-AVERAGE(R6:R1198))/(STDEV(R6:R1198)+1E-12)) | T42: =IF('3a Raw'!L42="","",MAX(-3,MIN(3,('3a Raw'!L42-$T3)/$T4))) | U42: =IF(T42="","",(T42-AVERAGE(T6:T1198))/(STDEV(T6:T1198)+1E-12)) | X42: =IF(U42="","",U42-($V$3*G42+$W$3)) | Y42: =IF(X42="","",MAX(-3,MIN(3,(X42-$X3)/$X4))) | Z42: =IF(Y42="","",(Y42-AVERAGE(Y6:Y1198))/(STDEV(Y6:Y1198)+1E-12))
A43: BBG000BBDZG3 | B43: =IF('3a Raw'!C43="","",MAX(-3,MIN(3,('3a Raw'!C43-$B3)/$B4))) | C43: =IF(B43="","",(B43-AVERAGE(B6:B1198))/(STDEV(B6:B1198)+1E-12)) | D43: =IF('3a Raw'!D43="","",MAX(-3,MIN(3,('3a Raw'!D43-$D3)/$D4))) | E43: =IF(D43="","",(D43-AVERAGE(D6:D1198))/(STDEV(D6:D1198)+1E-12)) | F43: =IF('3a Raw'!E43="","",MAX(-3,MIN(3,('3a Raw'!E43-$F3)/$F4))) | G43: =IF(F43="","",(F43-AVERAGE(F6:F1198))/(STDEV(F6:F1198)+1E-12)) | H43: =IF('3a Raw'!F43="","",MAX(-3,MIN(3,('3a Raw'!F43-$H3)/$H4))) | I43: =IF(H43="","",(H43-AVERAGE(H6:H1198))/(STDEV(H6:H1198)+1E-12)) | J43: =IF('3a Raw'!G43="","",MAX(-3,MIN(3,('3a Raw'!G43-$J3)/$J4))) | K43: =IF(J43="","",(J43-AVERAGE(J6:J1198))/(STDEV(J6:J1198)+1E-12)) | L43: =IF('3a Raw'!H43="","",MAX(-3,MIN(3,('3a Raw'!H43-$L3)/$L4))) | M43: =IF(L43="","",(L43-AVERAGE(L6:L1198))/(STDEV(L6:L1198)+1E-12)) | N43: =IF('3a Raw'!I43="","",MAX(-3,MIN(3,('3a Raw'!I43-$N3)/$N4))) | O43: =IF(N43="","",(N43-AVERAGE(N6:N1198))/(STDEV(N6:N1198)+1E-12)) | P43: =IF('3a Raw'!J43="","",MAX(-3,MIN(3,('3a Raw'!J43-$P3)/$P4))) | Q43: =IF(P43="","",(P43-AVERAGE(P6:P1198))/(STDEV(P6:P1198)+1E-12)) | R43: =IF('3a Raw'!K43="","",MAX(-3,MIN(3,('3a Raw'!K43-$R3)/$R4))) | S43: =IF(R43="","",(R43-AVERAGE(R6:R1198))/(STDEV(R6:R1198)+1E-12)) | T43: =IF('3a Raw'!L43="","",MAX(-3,MIN(3,('3a Raw'!L43-$T3)/$T4))) | U43: =IF(T43="","",(T43-AVERAGE(T6:T1198))/(STDEV(T6:T1198)+1E-12)) | X43: =IF(U43="","",U43-($V$3*G43+$W$3)) | Y43: =IF(X43="","",MAX(-3,MIN(3,(X43-$X3)/$X4))) | Z43: =IF(Y43="","",(Y43-AVERAGE(Y6:Y1198))/(STDEV(Y6:Y1198)+1E-12))
A44: BBG000BN06C9 | B44: =IF('3a Raw'!C44="","",MAX(-3,MIN(3,('3a Raw'!C44-$B3)/$B4))) | C44: =IF(B44="","",(B44-AVERAGE(B6:B1198))/(STDEV(B6:B1198)+1E-12)) | D44: =IF('3a Raw'!D44="","",MAX(-3,MIN(3,('3a Raw'!D44-$D3)/$D4))) | E44: =IF(D44="","",(D44-AVERAGE(D6:D1198))/(STDEV(D6:D1198)+1E-12)) | F44: =IF('3a Raw'!E44="","",MAX(-3,MIN(3,('3a Raw'!E44-$F3)/$F4))) | G44: =IF(F44="","",(F44-AVERAGE(F6:F1198))/(STDEV(F6:F1198)+1E-12)) | H44: =IF('3a Raw'!F44="","",MAX(-3,MIN(3,('3a Raw'!F44-$H3)/$H4))) | I44: =IF(H44="","",(H44-AVERAGE(H6:H1198))/(STDEV(H6:H1198)+1E-12)) | J44: =IF('3a Raw'!G44="","",MAX(-3,MIN(3,('3a Raw'!G44-$J3)/$J4))) | K44: =IF(J44="","",(J44-AVERAGE(J6:J1198))/(STDEV(J6:J1198)+1E-12)) | L44: =IF('3a Raw'!H44="","",MAX(-3,MIN(3,('3a Raw'!H44-$L3)/$L4))) | M44: =IF(L44="","",(L44-AVERAGE(L6:L1198))/(STDEV(L6:L1198)+1E-12)) | N44: =IF('3a Raw'!I44="","",MAX(-3,MIN(3,('3a Raw'!I44-$N3)/$N4))) | O44: =IF(N44="","",(N44-AVERAGE(N6:N1198))/(STDEV(N6:N1198)+1E-12)) | P44: =IF('3a Raw'!J44="","",MAX(-3,MIN(3,('3a Raw'!J44-$P3)/$P4))) | Q44: =IF(P44="","",(P44-AVERAGE(P6:P1198))/(STDEV(P6:P1198)+1E-12)) | R44: =IF('3a Raw'!K44="","",MAX(-3,MIN(3,('3a Raw'!K44-$R3)/$R4))) | S44: =IF(R44="","",(R44-AVERAGE(R6:R1198))/(STDEV(R6:R1198)+1E-12)) | T44: =IF('3a Raw'!L44="","",MAX(-3,MIN(3,('3a Raw'!L44-$T3)/$T4))) | U44: =IF(T44="","",(T44-AVERAGE(T6:T1198))/(STDEV(T6:T1198)+1E-12)) | X44: =IF(U44="","",U44-($V$3*G44+$W$3)) | Y44: =IF(X44="","",MAX(-3,MIN(3,(X44-$X3)/$X4))) | Z44: =IF(Y44="","",(Y44-AVERAGE(Y6:Y1198))/(STDEV(Y6:Y1198)+1E-12))
A45: BBG000BBGQF1 | B45: =IF('3a Raw'!C45="","",MAX(-3,MIN(3,('3a Raw'!C45-$B3)/$B4))) | C45: =IF(B45="","",(B45-AVERAGE(B6:B1198))/(STDEV(B6:B1198)+1E-12)) | D45: =IF('3a Raw'!D45="","",MAX(-3,MIN(3,('3a Raw'!D45-$D3)/$D4))) | E45: =IF(D45="","",(D45-AVERAGE(D6:D1198))/(STDEV(D6:D1198)+1E-12)) | F45: =IF('3a Raw'!E45="","",MAX(-3,MIN(3,('3a Raw'!E45-$F3)/$F4))) | G45: =IF(F45="","",(F45-AVERAGE(F6:F1198))/(STDEV(F6:F1198)+1E-12)) | H45: =IF('3a Raw'!F45="","",MAX(-3,MIN(3,('3a Raw'!F45-$H3)/$H4))) | I45: =IF(H45="","",(H45-AVERAGE(H6:H1198))/(STDEV(H6:H1198)+1E-12)) | J45: =IF('3a Raw'!G45="","",MAX(-3,MIN(3,('3a Raw'!G45-$J3)/$J4))) | K45: =IF(J45="","",(J45-AVERAGE(J6:J1198))/(STDEV(J6:J1198)+1E-12)) | L45: =IF('3a Raw'!H45="","",MAX(-3,MIN(3,('3a Raw'!H45-$L3)/$L4))) | M45: =IF(L45="","",(L45-AVERAGE(L6:L1198))/(STDEV(L6:L1198)+1E-12)) | N45: =IF('3a Raw'!I45="","",MAX(-3,MIN(3,('3a Raw'!I45-$N3)/$N4))) | O45: =IF(N45="","",(N45-AVERAGE(N6:N1198))/(STDEV(N6:N1198)+1E-12)) | P45: =IF('3a Raw'!J45="","",MAX(-3,MIN(3,('3a Raw'!J45-$P3)/$P4))) | Q45: =IF(P45="","",(P45-AVERAGE(P6:P1198))/(STDEV(P6:P1198)+1E-12)) | R45: =IF('3a Raw'!K45="","",MAX(-3,MIN(3,('3a Raw'!K45-$R3)/$R4))) | S45: =IF(R45="","",(R45-AVERAGE(R6:R1198))/(STDEV(R6:R1198)+1E-12)) | T45: =IF('3a Raw'!L45="","",MAX(-3,MIN(3,('3a Raw'!L45-$T3)/$T4))) | U45: =IF(T45="","",(T45-AVERAGE(T6:T1198))/(STDEV(T6:T1198)+1E-12)) | X45: =IF(U45="","",U45-($V$3*G45+$W$3)) | Y45: =IF(X45="","",MAX(-3,MIN(3,(X45-$X3)/$X4))) | Z45: =IF(Y45="","",(Y45-AVERAGE(Y6:Y1198))/(STDEV(Y6:Y1198)+1E-12))
A46: BBG0026ZDGG4 | B46: =IF('3a Raw'!C46="","",MAX(-3,MIN(3,('3a Raw'!C46-$B3)/$B4))) | C46: =IF(B46="","",(B46-AVERAGE(B6:B1198))/(STDEV(B6:B1198)+1E-12)) | D46: =IF('3a Raw'!D46="","",MAX(-3,MIN(3,('3a Raw'!D46-$D3)/$D4))) | E46: =IF(D46="","",(D46-AVERAGE(D6:D1198))/(STDEV(D6:D1198)+1E-12)) | F46: =IF('3a Raw'!E46="","",MAX(-3,MIN(3,('3a Raw'!E46-$F3)/$F4))) | G46: =IF(F46="","",(F46-AVERAGE(F6:F1198))/(STDEV(F6:F1198)+1E-12)) | H46: =IF('3a Raw'!F46="","",MAX(-3,MIN(3,('3a Raw'!F46-$H3)/$H4))) | I46: =IF(H46="","",(H46-AVERAGE(H6:H1198))/(STDEV(H6:H1198)+1E-12)) | J46: =IF('3a Raw'!G46="","",MAX(-3,MIN(3,('3a Raw'!G46-$J3)/$J4))) | K46: =IF(J46="","",(J46-AVERAGE(J6:J1198))/(STDEV(J6:J1198)+1E-12)) | L46: =IF('3a Raw'!H46="","",MAX(-3,MIN(3,('3a Raw'!H46-$L3)/$L4))) | M46: =IF(L46="","",(L46-AVERAGE(L6:L1198))/(STDEV(L6:L1198)+1E-12)) | N46: =IF('3a Raw'!I46="","",MAX(-3,MIN(3,('3a Raw'!I46-$N3)/$N4))) | O46: =IF(N46="","",(N46-AVERAGE(N6:N1198))/(STDEV(N6:N1198)+1E-12)) | P46: =IF('3a Raw'!J46="","",MAX(-3,MIN(3,('3a Raw'!J46-$P3)/$P4))) | Q46: =IF(P46="","",(P46-AVERAGE(P6:P1198))/(STDEV(P6:P1198)+1E-12)) | R46: =IF('3a Raw'!K46="","",MAX(-3,MIN(3,('3a Raw'!K46-$R3)/$R4))) | S46: =IF(R46="","",(R46-AVERAGE(R6:R1198))/(STDEV(R6:R1198)+1E-12)) | T46: =IF('3a Raw'!L46="","",MAX(-3,MIN(3,('3a Raw'!L46-$T3)/$T4))) | U46: =IF(T46="","",(T46-AVERAGE(T6:T1198))/(STDEV(T6:T1198)+1E-12)) | X46: =IF(U46="","",U46-($V$3*G46+$W$3)) | Y46: =IF(X46="","",MAX(-3,MIN(3,(X46-$X3)/$X4))) | Z46: =IF(Y46="","",(Y46-AVERAGE(Y6:Y1198))/(STDEV(Y6:Y1198)+1E-12))
A47: BBG01FRGW2W5 | B47: =IF('3a Raw'!C47="","",MAX(-3,MIN(3,('3a Raw'!C47-$B3)/$B4))) | C47: =IF(B47="","",(B47-AVERAGE(B6:B1198))/(STDEV(B6:B1198)+1E-12)) | D47: =IF('3a Raw'!D47="","",MAX(-3,MIN(3,('3a Raw'!D47-$D3)/$D4))) | E47: =IF(D47="","",(D47-AVERAGE(D6:D1198))/(STDEV(D6:D1198)+1E-12)) | F47: =IF('3a Raw'!E47="","",MAX(-3,MIN(3,('3a Raw'!E47-$F3)/$F4))) | G47: =IF(F47="","",(F47-AVERAGE(F6:F1198))/(STDEV(F6:F1198)+1E-12)) | H47: =IF('3a Raw'!F47="","",MAX(-3,MIN(3,('3a Raw'!F47-$H3)/$H4))) | I47: =IF(H47="","",(H47-AVERAGE(H6:H1198))/(STDEV(H6:H1198)+1E-12)) | J47: =IF('3a Raw'!G47="","",MAX(-3,MIN(3,('3a Raw'!G47-$J3)/$J4))) | K47: =IF(J47="","",(J47-AVERAGE(J6:J1198))/(STDEV(J6:J1198)+1E-12)) | L47: =IF('3a Raw'!H47="","",MAX(-3,MIN(3,('3a Raw'!H47-$L3)/$L4))) | M47: =IF(L47="","",(L47-AVERAGE(L6:L1198))/(STDEV(L6:L1198)+1E-12)) | N47: =IF('3a Raw'!I47="","",MAX(-3,MIN(3,('3a Raw'!I47-$N3)/$N4))) | O47: =IF(N47="","",(N47-AVERAGE(N6:N1198))/(STDEV(N6:N1198)+1E-12)) | P47: =IF('3a Raw'!J47="","",MAX(-3,MIN(3,('3a Raw'!J47-$P3)/$P4))) | Q47: =IF(P47="","",(P47-AVERAGE(P6:P1198))/(STDEV(P6:P1198)+1E-12)) | R47: =IF('3a Raw'!K47="","",MAX(-3,MIN(3,('3a Raw'!K47-$R3)/$R4))) | S47: =IF(R47="","",(R47-AVERAGE(R6:R1198))/(STDEV(R6:R1198)+1E-12)) | T47: =IF('3a Raw'!L47="","",MAX(-3,MIN(3,('3a Raw'!L47-$T3)/$T4))) | U47: =IF(T47="","",(T47-AVERAGE(T6:T1198))/(STDEV(T6:T1198)+1E-12)) | X47: =IF(U47="","",U47-($V$3*G47+$W$3)) | Y47: =IF(X47="","",MAX(-3,MIN(3,(X47-$X3)/$X4))) | Z47: =IF(Y47="","",(Y47-AVERAGE(Y6:Y1198))/(STDEV(Y6:Y1198)+1E-12))
A48: aiz | B48: =IF('3a Raw'!C48="","",MAX(-3,MIN(3,('3a Raw'!C48-$B3)/$B4))) | C48: =IF(B48="","",(B48-AVERAGE(B6:B1198))/(STDEV(B6:B1198)+1E-12)) | D48: =IF('3a Raw'!D48="","",MAX(-3,MIN(3,('3a Raw'!D48-$D3)/$D4))) | E48: =IF(D48="","",(D48-AVERAGE(D6:D1198))/(STDEV(D6:D1198)+1E-12)) | F48: =IF('3a Raw'!E48="","",MAX(-3,MIN(3,('3a Raw'!E48-$F3)/$F4))) | G48: =IF(F48="","",(F48-AVERAGE(F6:F1198))/(STDEV(F6:F1198)+1E-12)) | H48: =IF('3a Raw'!F48="","",MAX(-3,MIN(3,('3a Raw'!F48-$H3)/$H4))) | I48: =IF(H48="","",(H48-AVERAGE(H6:H1198))/(STDEV(H6:H1198)+1E-12)) | J48: =IF('3a Raw'!G48="","",MAX(-3,MIN(3,('3a Raw'!G48-$J3)/$J4))) | K48: =IF(J48="","",(J48-AVERAGE(J6:J1198))/(STDEV(J6:J1198)+1E-12)) | L48: =IF('3a Raw'!H48="","",MAX(-3,MIN(3,('3a Raw'!H48-$L3)/$L4))) | M48: =IF(L48="","",(L48-AVERAGE(L6:L1198))/(STDEV(L6:L1198)+1E-12)) | N48: =IF('3a Raw'!I48="","",MAX(-3,MIN(3,('3a Raw'!I48-$N3)/$N4))) | O48: =IF(N48="","",(N48-AVERAGE(N6:N1198))/(STDEV(N6:N1198)+1E-12)) | P48: =IF('3a Raw'!J48="","",MAX(-3,MIN(3,('3a Raw'!J48-$P3)/$P4))) | Q48: =IF(P48="","",(P48-AVERAGE(P6:P1198))/(STDEV(P6:P1198)+1E-12)) | R48: =IF('3a Raw'!K48="","",MAX(-3,MIN(3,('3a Raw'!K48-$R3)/$R4))) | S48: =IF(R48="","",(R48-AVERAGE(R6:R1198))/(STDEV(R6:R1198)+1E-12)) | T48: =IF('3a Raw'!L48="","",MAX(-3,MIN(3,('3a Raw'!L48-$T3)/$T4))) | U48: =IF(T48="","",(T48-AVERAGE(T6:T1198))/(STDEV(T6:T1198)+1E-12)) | X48: =IF(U48="","",U48-($V$3*G48+$W$3)) | Y48: =IF(X48="","",MAX(-3,MIN(3,(X48-$X3)/$X4))) | Z48: =IF(Y48="","",(Y48-AVERAGE(Y6:Y1198))/(STDEV(Y6:Y1198)+1E-12))
A49: BBG000BBHXQ3 | B49: =IF('3a Raw'!C49="","",MAX(-3,MIN(3,('3a Raw'!C49-$B3)/$B4))) | C49: =IF(B49="","",(B49-AVERAGE(B6:B1198))/(STDEV(B6:B1198)+1E-12)) | D49: =IF('3a Raw'!D49="","",MAX(-3,MIN(3,('3a Raw'!D49-$D3)/$D4))) | E49: =IF(D49="","",(D49-AVERAGE(D6:D1198))/(STDEV(D6:D1198)+1E-12)) | F49: =IF('3a Raw'!E49="","",MAX(-3,MIN(3,('3a Raw'!E49-$F3)/$F4))) | G49: =IF(F49="","",(F49-AVERAGE(F6:F1198))/(STDEV(F6:F1198)+1E-12)) | H49: =IF('3a Raw'!F49="","",MAX(-3,MIN(3,('3a Raw'!F49-$H3)/$H4))) | I49: =IF(H49="","",(H49-AVERAGE(H6:H1198))/(STDEV(H6:H1198)+1E-12)) | J49: =IF('3a Raw'!G49="","",MAX(-3,MIN(3,('3a Raw'!G49-$J3)/$J4))) | K49: =IF(J49="","",(J49-AVERAGE(J6:J1198))/(STDEV(J6:J1198)+1E-12)) | L49: =IF('3a Raw'!H49="","",MAX(-3,MIN(3,('3a Raw'!H49-$L3)/$L4))) | M49: =IF(L49="","",(L49-AVERAGE(L6:L1198))/(STDEV(L6:L1198)+1E-12)) | N49: =IF('3a Raw'!I49="","",MAX(-3,MIN(3,('3a Raw'!I49-$N3)/$N4))) | O49: =IF(N49="","",(N49-AVERAGE(N6:N1198))/(STDEV(N6:N1198)+1E-12)) | P49: =IF('3a Raw'!J49="","",MAX(-3,MIN(3,('3a Raw'!J49-$P3)/$P4))) | Q49: =IF(P49="","",(P49-AVERAGE(P6:P1198))/(STDEV(P6:P1198)+1E-12)) | R49: =IF('3a Raw'!K49="","",MAX(-3,MIN(3,('3a Raw'!K49-$R3)/$R4))) | S49: =IF(R49="","",(R49-AVERAGE(R6:R1198))/(STDEV(R6:R1198)+1E-12)) | T49: =IF('3a Raw'!L49="","",MAX(-3,MIN(3,('3a Raw'!L49-$T3)/$T4))) | U49: =IF(T49="","",(T49-AVERAGE(T6:T1198))/(STDEV(T6:T1198)+1E-12)) | X49: =IF(U49="","",U49-($V$3*G49+$W$3)) | Y49: =IF(X49="","",MAX(-3,MIN(3,(X49-$X3)/$X4))) | Z49: =IF(Y49="","",(Y49-AVERAGE(Y6:Y1198))/(STDEV(Y6:Y1198)+1E-12))
A50: BBG000BJQWD2 | B50: =IF('3a Raw'!C50="","",MAX(-3,MIN(3,('3a Raw'!C50-$B3)/$B4))) | C50: =IF(B50="","",(B50-AVERAGE(B6:B1198))/(STDEV(B6:B1198)+1E-12)) | D50: =IF('3a Raw'!D50="","",MAX(-3,MIN(3,('3a Raw'!D50-$D3)/$D4))) | E50: =IF(D50="","",(D50-AVERAGE(D6:D1198))/(STDEV(D6:D1198)+1E-12)) | F50: =IF('3a Raw'!E50="","",MAX(-3,MIN(3,('3a Raw'!E50-$F3)/$F4))) | G50: =IF(F50="","",(F50-AVERAGE(F6:F1198))/(STDEV(F6:F1198)+1E-12)) | H50: =IF('3a Raw'!F50="","",MAX(-3,MIN(3,('3a Raw'!F50-$H3)/$H4))) | I50: =IF(H50="","",(H50-AVERAGE(H6:H1198))/(STDEV(H6:H1198)+1E-12)) | J50: =IF('3a Raw'!G50="","",MAX(-3,MIN(3,('3a Raw'!G50-$J3)/$J4))) | K50: =IF(J50="","",(J50-AVERAGE(J6:J1198))/(STDEV(J6:J1198)+1E-12)) | L50: =IF('3a Raw'!H50="","",MAX(-3,MIN(3,('3a Raw'!H50-$L3)/$L4))) | M50: =IF(L50="","",(L50-AVERAGE(L6:L1198))/(STDEV(L6:L1198)+1E-12)) | N50: =IF('3a Raw'!I50="","",MAX(-3,MIN(3,('3a Raw'!I50-$N3)/$N4))) | O50: =IF(N50="","",(N50-AVERAGE(N6:N1198))/(STDEV(N6:N1198)+1E-12)) | P50: =IF('3a Raw'!J50="","",MAX(-3,MIN(3,('3a Raw'!J50-$P3)/$P4))) | Q50: =IF(P50="","",(P50-AVERAGE(P6:P1198))/(STDEV(P6:P1198)+1E-12)) | R50: =IF('3a Raw'!K50="","",MAX(-3,MIN(3,('3a Raw'!K50-$R3)/$R4))) | S50: =IF(R50="","",(R50-AVERAGE(R6:R1198))/(STDEV(R6:R1198)+1E-12)) | T50: =IF('3a Raw'!L50="","",MAX(-3,MIN(3,('3a Raw'!L50-$T3)/$T4))) | U50: =IF(T50="","",(T50-AVERAGE(T6:T1198))/(STDEV(T6:T1198)+1E-12)) | X50: =IF(U50="","",U50-($V$3*G50+$W$3)) | Y50: =IF(X50="","",MAX(-3,MIN(3,(X50-$X3)/$X4))) | Z50: =IF(Y50="","",(Y50-AVERAGE(Y6:Y1198))/(STDEV(Y6:Y1198)+1E-12))
A51: BBG00ZQS8KZ1 | B51: =IF('3a Raw'!C51="","",MAX(-3,MIN(3,('3a Raw'!C51-$B3)/$B4))) | C51: =IF(B51="","",(B51-AVERAGE(B6:B1198))/(STDEV(B6:B1198)+1E-12)) | D51: =IF('3a Raw'!D51="","",MAX(-3,MIN(3,('3a Raw'!D51-$D3)/$D4))) | E51: =IF(D51="","",(D51-AVERAGE(D6:D1198))/(STDEV(D6:D1198)+1E-12)) | F51: =IF('3a Raw'!E51="","",MAX(-3,MIN(3,('3a Raw'!E51-$F3)/$F4))) | G51: =IF(F51="","",(F51-AVERAGE(F6:F1198))/(STDEV(F6:F1198)+1E-12)) | H51: =IF('3a Raw'!F51="","",MAX(-3,MIN(3,('3a Raw'!F51-$H3)/$H4))) | I51: =IF(H51="","",(H51-AVERAGE(H6:H1198))/(STDEV(H6:H1198)+1E-12)) | J51: =IF('3a Raw'!G51="","",MAX(-3,MIN(3,('3a Raw'!G51-$J3)/$J4))) | K51: =IF(J51="","",(J51-AVERAGE(J6:J1198))/(STDEV(J6:J1198)+1E-12)) | L51: =IF('3a Raw'!H51="","",MAX(-3,MIN(3,('3a Raw'!H51-$L3)/$L4))) | M51: =IF(L51="","",(L51-AVERAGE(L6:L1198))/(STDEV(L6:L1198)+1E-12)) | N51: =IF('3a Raw'!I51="","",MAX(-3,MIN(3,('3a Raw'!I51-$N3)/$N4))) | O51: =IF(N51="","",(N51-AVERAGE(N6:N1198))/(STDEV(N6:N1198)+1E-12)) | P51: =IF('3a Raw'!J51="","",MAX(-3,MIN(3,('3a Raw'!J51-$P3)/$P4))) | Q51: =IF(P51="","",(P51-AVERAGE(P6:P1198))/(STDEV(P6:P1198)+1E-12)) | R51: =IF('3a Raw'!K51="","",MAX(-3,MIN(3,('3a Raw'!K51-$R3)/$R4))) | S51: =IF(R51="","",(R51-AVERAGE(R6:R1198))/(STDEV(R6:R1198)+1E-12)) | T51: =IF('3a Raw'!L51="","",MAX(-3,MIN(3,('3a Raw'!L51-$T3)/$T4))) | U51: =IF(T51="","",(T51-AVERAGE(T6:T1198))/(STDEV(T6:T1198)+1E-12)) | X51: =IF(U51="","",U51-($V$3*G51+$W$3)) | Y51: =IF(X51="","",MAX(-3,MIN(3,(X51-$X3)/$X4))) | Z51: =IF(Y51="","",(Y51-AVERAGE(Y6:Y1198))/(STDEV(Y6:Y1198)+1E-12))
A52: BBG00TDKHW99 | B52: =IF('3a Raw'!C52="","",MAX(-3,MIN(3,('3a Raw'!C52-$B3)/$B4))) | C52: =IF(B52="","",(B52-AVERAGE(B6:B1198))/(STDEV(B6:B1198)+1E-12)) | D52: =IF('3a Raw'!D52="","",MAX(-3,MIN(3,('3a Raw'!D52-$D3)/$D4))) | E52: =IF(D52="","",(D52-AVERAGE(D6:D1198))/(STDEV(D6:D1198)+1E-12)) | F52: =IF('3a Raw'!E52="","",MAX(-3,MIN(3,('3a Raw'!E52-$F3)/$F4))) | G52: =IF(F52="","",(F52-AVERAGE(F6:F1198))/(STDEV(F6:F1198)+1E-12)) | H52: =IF('3a Raw'!F52="","",MAX(-3,MIN(3,('3a Raw'!F52-$H3)/$H4))) | I52: =IF(H52="","",(H52-AVERAGE(H6:H1198))/(STDEV(H6:H1198)+1E-12)) | J52: =IF('3a Raw'!G52="","",MAX(-3,MIN(3,('3a Raw'!G52-$J3)/$J4))) | K52: =IF(J52="","",(J52-AVERAGE(J6:J1198))/(STDEV(J6:J1198)+1E-12)) | L52: =IF('3a Raw'!H52="","",MAX(-3,MIN(3,('3a Raw'!H52-$L3)/$L4))) | M52: =IF(L52="","",(L52-AVERAGE(L6:L1198))/(STDEV(L6:L1198)+1E-12)) | N52: =IF('3a Raw'!I52="","",MAX(-3,MIN(3,('3a Raw'!I52-$N3)/$N4))) | O52: =IF(N52="","",(N52-AVERAGE(N6:N1198))/(STDEV(N6:N1198)+1E-12)) | P52: =IF('3a Raw'!J52="","",MAX(-3,MIN(3,('3a Raw'!J52-$P3)/$P4))) | Q52: =IF(P52="","",(P52-AVERAGE(P6:P1198))/(STDEV(P6:P1198)+1E-12)) | R52: =IF('3a Raw'!K52="","",MAX(-3,MIN(3,('3a Raw'!K52-$R3)/$R4))) | S52: =IF(R52="","",(R52-AVERAGE(R6:R1198))/(STDEV(R6:R1198)+1E-12)) | T52: =IF('3a Raw'!L52="","",MAX(-3,MIN(3,('3a Raw'!L52-$T3)/$T4))) | U52: =IF(T52="","",(T52-AVERAGE(T6:T1198))/(STDEV(T6:T1198)+1E-12)) | X52: =IF(U52="","",U52-($V$3*G52+$W$3)) | Y52: =IF(X52="","",MAX(-3,MIN(3,(X52-$X3)/$X4))) | Z52: =IF(Y52="","",(Y52-AVERAGE(Y6:Y1198))/(STDEV(Y6:Y1198)+1E-12))
A53: BBG000BJ26K7 | B53: =IF('3a Raw'!C53="","",MAX(-3,MIN(3,('3a Raw'!C53-$B3)/$B4))) | C53: =IF(B53="","",(B53-AVERAGE(B6:B1198))/(STDEV(B6:B1198)+1E-12)) | D53: =IF('3a Raw'!D53="","",MAX(-3,MIN(3,('3a Raw'!D53-$D3)/$D4))) | E53: =IF(D53="","",(D53-AVERAGE(D6:D1198))/(STDEV(D6:D1198)+1E-12)) | F53: =IF('3a Raw'!E53="","",MAX(-3,MIN(3,('3a Raw'!E53-$F3)/$F4))) | G53: =IF(F53="","",(F53-AVERAGE(F6:F1198))/(STDEV(F6:F1198)+1E-12)) | H53: =IF('3a Raw'!F53="","",MAX(-3,MIN(3,('3a Raw'!F53-$H3)/$H4))) | I53: =IF(H53="","",(H53-AVERAGE(H6:H1198))/(STDEV(H6:H1198)+1E-12)) | J53: =IF('3a Raw'!G53="","",MAX(-3,MIN(3,('3a Raw'!G53-$J3)/$J4))) | K53: =IF(J53="","",(J53-AVERAGE(J6:J1198))/(STDEV(J6:J1198)+1E-12)) | L53: =IF('3a Raw'!H53="","",MAX(-3,MIN(3,('3a Raw'!H53-$L3)/$L4))) | M53: =IF(L53="","",(L53-AVERAGE(L6:L1198))/(STDEV(L6:L1198)+1E-12)) | N53: =IF('3a Raw'!I53="","",MAX(-3,MIN(3,('3a Raw'!I53-$N3)/$N4))) | O53: =IF(N53="","",(N53-AVERAGE(N6:N1198))/(STDEV(N6:N1198)+1E-12)) | P53: =IF('3a Raw'!J53="","",MAX(-3,MIN(3,('3a Raw'!J53-$P3)/$P4))) | Q53: =IF(P53="","",(P53-AVERAGE(P6:P1198))/(STDEV(P6:P1198)+1E-12)) | R53: =IF('3a Raw'!K53="","",MAX(-3,MIN(3,('3a Raw'!K53-$R3)/$R4))) | S53: =IF(R53="","",(R53-AVERAGE(R6:R1198))/(STDEV(R6:R1198)+1E-12)) | T53: =IF('3a Raw'!L53="","",MAX(-3,MIN(3,('3a Raw'!L53-$T3)/$T4))) | U53: =IF(T53="","",(T53-AVERAGE(T6:T1198))/(STDEV(T6:T1198)+1E-12)) | X53: =IF(U53="","",U53-($V$3*G53+$W$3)) | Y53: =IF(X53="","",MAX(-3,MIN(3,(X53-$X3)/$X4))) | Z53: =IF(Y53="","",(Y53-AVERAGE(Y6:Y1198))/(STDEV(Y6:Y1198)+1E-12))
A54: BBG000BRNLL2 | B54: =IF('3a Raw'!C54="","",MAX(-3,MIN(3,('3a Raw'!C54-$B3)/$B4))) | C54: =IF(B54="","",(B54-AVERAGE(B6:B1198))/(STDEV(B6:B1198)+1E-12)) | D54: =IF('3a Raw'!D54="","",MAX(-3,MIN(3,('3a Raw'!D54-$D3)/$D4))) | E54: =IF(D54="","",(D54-AVERAGE(D6:D1198))/(STDEV(D6:D1198)+1E-12)) | F54: =IF('3a Raw'!E54="","",MAX(-3,MIN(3,('3a Raw'!E54-$F3)/$F4))) | G54: =IF(F54="","",(F54-AVERAGE(F6:F1198))/(STDEV(F6:F1198)+1E-12)) | H54: =IF('3a Raw'!F54="","",MAX(-3,MIN(3,('3a Raw'!F54-$H3)/$H4))) | I54: =IF(H54="","",(H54-AVERAGE(H6:H1198))/(STDEV(H6:H1198)+1E-12)) | J54: =IF('3a Raw'!G54="","",MAX(-3,MIN(3,('3a Raw'!G54-$J3)/$J4))) | K54: =IF(J54="","",(J54-AVERAGE(J6:J1198))/(STDEV(J6:J1198)+1E-12)) | L54: =IF('3a Raw'!H54="","",MAX(-3,MIN(3,('3a Raw'!H54-$L3)/$L4))) | M54: =IF(L54="","",(L54-AVERAGE(L6:L1198))/(STDEV(L6:L1198)+1E-12)) | N54: =IF('3a Raw'!I54="","",MAX(-3,MIN(3,('3a Raw'!I54-$N3)/$N4))) | O54: =IF(N54="","",(N54-AVERAGE(N6:N1198))/(STDEV(N6:N1198)+1E-12)) | P54: =IF('3a Raw'!J54="","",MAX(-3,MIN(3,('3a Raw'!J54-$P3)/$P4))) | Q54: =IF(P54="","",(P54-AVERAGE(P6:P1198))/(STDEV(P6:P1198)+1E-12)) | R54: =IF('3a Raw'!K54="","",MAX(-3,MIN(3,('3a Raw'!K54-$R3)/$R4))) | S54: =IF(R54="","",(R54-AVERAGE(R6:R1198))/(STDEV(R6:R1198)+1E-12)) | T54: =IF('3a Raw'!L54="","",MAX(-3,MIN(3,('3a Raw'!L54-$T3)/$T4))) | U54: =IF(T54="","",(T54-AVERAGE(T6:T1198))/(STDEV(T6:T1198)+1E-12)) | X54: =IF(U54="","",U54-($V$3*G54+$W$3)) | Y54: =IF(X54="","",MAX(-3,MIN(3,(X54-$X3)/$X4))) | Z54: =IF(Y54="","",(Y54-AVERAGE(Y6:Y1198))/(STDEV(Y6:Y1198)+1E-12))
A55: BBG00ZJ0DSR6 | B55: =IF('3a Raw'!C55="","",MAX(-3,MIN(3,('3a Raw'!C55-$B3)/$B4))) | C55: =IF(B55="","",(B55-AVERAGE(B6:B1198))/(STDEV(B6:B1198)+1E-12)) | D55: =IF('3a Raw'!D55="","",MAX(-3,MIN(3,('3a Raw'!D55-$D3)/$D4))) | E55: =IF(D55="","",(D55-AVERAGE(D6:D1198))/(STDEV(D6:D1198)+1E-12)) | F55: =IF('3a Raw'!E55="","",MAX(-3,MIN(3,('3a Raw'!E55-$F3)/$F4))) | G55: =IF(F55="","",(F55-AVERAGE(F6:F1198))/(STDEV(F6:F1198)+1E-12)) | H55: =IF('3a Raw'!F55="","",MAX(-3,MIN(3,('3a Raw'!F55-$H3)/$H4))) | I55: =IF(H55="","",(H55-AVERAGE(H6:H1198))/(STDEV(H6:H1198)+1E-12)) | J55: =IF('3a Raw'!G55="","",MAX(-3,MIN(3,('3a Raw'!G55-$J3)/$J4))) | K55: =IF(J55="","",(J55-AVERAGE(J6:J1198))/(STDEV(J6:J1198)+1E-12)) | L55: =IF('3a Raw'!H55="","",MAX(-3,MIN(3,('3a Raw'!H55-$L3)/$L4))) | M55: =IF(L55="","",(L55-AVERAGE(L6:L1198))/(STDEV(L6:L1198)+1E-12)) | N55: =IF('3a Raw'!I55="","",MAX(-3,MIN(3,('3a Raw'!I55-$N3)/$N4))) | O55: =IF(N55="","",(N55-AVERAGE(N6:N1198))/(STDEV(N6:N1198)+1E-12)) | P55: =IF('3a Raw'!J55="","",MAX(-3,MIN(3,('3a Raw'!J55-$P3)/$P4))) | Q55: =IF(P55="","",(P55-AVERAGE(P6:P1198))/(STDEV(P6:P1198)+1E-12)) | R55: =IF('3a Raw'!K55="","",MAX(-3,MIN(3,('3a Raw'!K55-$R3)/$R4))) | S55: =IF(R55="","",(R55-AVERAGE(R6:R1198))/(STDEV(R6:R1198)+1E-12)) | T55: =IF('3a Raw'!L55="","",MAX(-3,MIN(3,('3a Raw'!L55-$T3)/$T4))) | U55: =IF(T55="","",(T55-AVERAGE(T6:T1198))/(STDEV(T6:T1198)+1E-12)) | X55: =IF(U55="","",U55-($V$3*G55+$W$3)) | Y55: =IF(X55="","",MAX(-3,MIN(3,(X55-$X3)/$X4))) | Z55: =IF(Y55="","",(Y55-AVERAGE(Y6:Y1198))/(STDEV(Y6:Y1198)+1E-12))
A56: BBG00H00J2N1 | B56: =IF('3a Raw'!C56="","",MAX(-3,MIN(3,('3a Raw'!C56-$B3)/$B4))) | C56: =IF(B56="","",(B56-AVERAGE(B6:B1198))/(STDEV(B6:B1198)+1E-12)) | D56: =IF('3a Raw'!D56="","",MAX(-3,MIN(3,('3a Raw'!D56-$D3)/$D4))) | E56: =IF(D56="","",(D56-AVERAGE(D6:D1198))/(STDEV(D6:D1198)+1E-12)) | F56: =IF('3a Raw'!E56="","",MAX(-3,MIN(3,('3a Raw'!E56-$F3)/$F4))) | G56: =IF(F56="","",(F56-AVERAGE(F6:F1198))/(STDEV(F6:F1198)+1E-12)) | H56: =IF('3a Raw'!F56="","",MAX(-3,MIN(3,('3a Raw'!F56-$H3)/$H4))) | I56: =IF(H56="","",(H56-AVERAGE(H6:H1198))/(STDEV(H6:H1198)+1E-12)) | J56: =IF('3a Raw'!G56="","",MAX(-3,MIN(3,('3a Raw'!G56-$J3)/$J4))) | K56: =IF(J56="","",(J56-AVERAGE(J6:J1198))/(STDEV(J6:J1198)+1E-12)) | L56: =IF('3a Raw'!H56="","",MAX(-3,MIN(3,('3a Raw'!H56-$L3)/$L4))) | M56: =IF(L56="","",(L56-AVERAGE(L6:L1198))/(STDEV(L6:L1198)+1E-12)) | N56: =IF('3a Raw'!I56="","",MAX(-3,MIN(3,('3a Raw'!I56-$N3)/$N4))) | O56: =IF(N56="","",(N56-AVERAGE(N6:N1198))/(STDEV(N6:N1198)+1E-12)) | P56: =IF('3a Raw'!J56="","",MAX(-3,MIN(3,('3a Raw'!J56-$P3)/$P4))) | Q56: =IF(P56="","",(P56-AVERAGE(P6:P1198))/(STDEV(P6:P1198)+1E-12)) | R56: =IF('3a Raw'!K56="","",MAX(-3,MIN(3,('3a Raw'!K56-$R3)/$R4))) | S56: =IF(R56="","",(R56-AVERAGE(R6:R1198))/(STDEV(R6:R1198)+1E-12)) | T56: =IF('3a Raw'!L56="","",MAX(-3,MIN(3,('3a Raw'!L56-$T3)/$T4))) | U56: =IF(T56="","",(T56-AVERAGE(T6:T1198))/(STDEV(T6:T1198)+1E-12)) | X56: =IF(U56="","",U56-($V$3*G56+$W$3)) | Y56: =IF(X56="","",MAX(-3,MIN(3,(X56-$X3)/$X4))) | Z56: =IF(Y56="","",(Y56-AVERAGE(Y6:Y1198))/(STDEV(Y6:Y1198)+1E-12))
A57: BBG000BBL0Y1 | B57: =IF('3a Raw'!C57="","",MAX(-3,MIN(3,('3a Raw'!C57-$B3)/$B4))) | C57: =IF(B57="","",(B57-AVERAGE(B6:B1198))/(STDEV(B6:B1198)+1E-12)) | D57: =IF('3a Raw'!D57="","",MAX(-3,MIN(3,('3a Raw'!D57-$D3)/$D4))) | E57: =IF(D57="","",(D57-AVERAGE(D6:D1198))/(STDEV(D6:D1198)+1E-12)) | F57: =IF('3a Raw'!E57="","",MAX(-3,MIN(3,('3a Raw'!E57-$F3)/$F4))) | G57: =IF(F57="","",(F57-AVERAGE(F6:F1198))/(STDEV(F6:F1198)+1E-12)) | H57: =IF('3a Raw'!F57="","",MAX(-3,MIN(3,('3a Raw'!F57-$H3)/$H4))) | I57: =IF(H57="","",(H57-AVERAGE(H6:H1198))/(STDEV(H6:H1198)+1E-12)) | J57: =IF('3a Raw'!G57="","",MAX(-3,MIN(3,('3a Raw'!G57-$J3)/$J4))) | K57: =IF(J57="","",(J57-AVERAGE(J6:J1198))/(STDEV(J6:J1198)+1E-12)) | L57: =IF('3a Raw'!H57="","",MAX(-3,MIN(3,('3a Raw'!H57-$L3)/$L4))) | M57: =IF(L57="","",(L57-AVERAGE(L6:L1198))/(STDEV(L6:L1198)+1E-12)) | N57: =IF('3a Raw'!I57="","",MAX(-3,MIN(3,('3a Raw'!I57-$N3)/$N4))) | O57: =IF(N57="","",(N57-AVERAGE(N6:N1198))/(STDEV(N6:N1198)+1E-12)) | P57: =IF('3a Raw'!J57="","",MAX(-3,MIN(3,('3a Raw'!J57-$P3)/$P4))) | Q57: =IF(P57="","",(P57-AVERAGE(P6:P1198))/(STDEV(P6:P1198)+1E-12)) | R57: =IF('3a Raw'!K57="","",MAX(-3,MIN(3,('3a Raw'!K57-$R3)/$R4))) | S57: =IF(R57="","",(R57-AVERAGE(R6:R1198))/(STDEV(R6:R1198)+1E-12)) | T57: =IF('3a Raw'!L57="","",MAX(-3,MIN(3,('3a Raw'!L57-$T3)/$T4))) | U57: =IF(T57="","",(T57-AVERAGE(T6:T1198))/(STDEV(T6:T1198)+1E-12)) | X57: =IF(U57="","",U57-($V$3*G57+$W$3)) | Y57: =IF(X57="","",MAX(-3,MIN(3,(X57-$X3)/$X4))) | Z57: =IF(Y57="","",(Y57-AVERAGE(Y6:Y1198))/(STDEV(Y6:Y1198)+1E-12))
A58: BBG005HTCT54 | B58: =IF('3a Raw'!C58="","",MAX(-3,MIN(3,('3a Raw'!C58-$B3)/$B4))) | C58: =IF(B58="","",(B58-AVERAGE(B6:B1198))/(STDEV(B6:B1198)+1E-12)) | D58: =IF('3a Raw'!D58="","",MAX(-3,MIN(3,('3a Raw'!D58-$D3)/$D4))) | E58: =IF(D58="","",(D58-AVERAGE(D6:D1198))/(STDEV(D6:D1198)+1E-12)) | F58: =IF('3a Raw'!E58="","",MAX(-3,MIN(3,('3a Raw'!E58-$F3)/$F4))) | G58: =IF(F58="","",(F58-AVERAGE(F6:F1198))/(STDEV(F6:F1198)+1E-12)) | H58: =IF('3a Raw'!F58="","",MAX(-3,MIN(3,('3a Raw'!F58-$H3)/$H4))) | I58: =IF(H58="","",(H58-AVERAGE(H6:H1198))/(STDEV(H6:H1198)+1E-12)) | J58: =IF('3a Raw'!G58="","",MAX(-3,MIN(3,('3a Raw'!G58-$J3)/$J4))) | K58: =IF(J58="","",(J58-AVERAGE(J6:J1198))/(STDEV(J6:J1198)+1E-12)) | L58: =IF('3a Raw'!H58="","",MAX(-3,MIN(3,('3a Raw'!H58-$L3)/$L4))) | M58: =IF(L58="","",(L58-AVERAGE(L6:L1198))/(STDEV(L6:L1198)+1E-12)) | N58: =IF('3a Raw'!I58="","",MAX(-3,MIN(3,('3a Raw'!I58-$N3)/$N4))) | O58: =IF(N58="","",(N58-AVERAGE(N6:N1198))/(STDEV(N6:N1198)+1E-12)) | P58: =IF('3a Raw'!J58="","",MAX(-3,MIN(3,('3a Raw'!J58-$P3)/$P4))) | Q58: =IF(P58="","",(P58-AVERAGE(P6:P1198))/(STDEV(P6:P1198)+1E-12)) | R58: =IF('3a Raw'!K58="","",MAX(-3,MIN(3,('3a Raw'!K58-$R3)/$R4))) | S58: =IF(R58="","",(R58-AVERAGE(R6:R1198))/(STDEV(R6:R1198)+1E-12)) | T58: =IF('3a Raw'!L58="","",MAX(-3,MIN(3,('3a Raw'!L58-$T3)/$T4))) | U58: =IF(T58="","",(T58-AVERAGE(T6:T1198))/(STDEV(T6:T1198)+1E-12)) | X58: =IF(U58="","",U58-($V$3*G58+$W$3)) | Y58: =IF(X58="","",MAX(-3,MIN(3,(X58-$X3)/$X4))) | Z58: =IF(Y58="","",(Y58-AVERAGE(Y6:Y1198))/(STDEV(Y6:Y1198)+1E-12))
A59: BBG000BVMGF2 | B59: =IF('3a Raw'!C59="","",MAX(-3,MIN(3,('3a Raw'!C59-$B3)/$B4))) | C59: =IF(B59="","",(B59-AVERAGE(B6:B1198))/(STDEV(B6:B1198)+1E-12)) | D59: =IF('3a Raw'!D59="","",MAX(-3,MIN(3,('3a Raw'!D59-$D3)/$D4))) | E59: =IF(D59="","",(D59-AVERAGE(D6:D1198))/(STDEV(D6:D1198)+1E-12)) | F59: =IF('3a Raw'!E59="","",MAX(-3,MIN(3,('3a Raw'!E59-$F3)/$F4))) | G59: =IF(F59="","",(F59-AVERAGE(F6:F1198))/(STDEV(F6:F1198)+1E-12)) | H59: =IF('3a Raw'!F59="","",MAX(-3,MIN(3,('3a Raw'!F59-$H3)/$H4))) | I59: =IF(H59="","",(H59-AVERAGE(H6:H1198))/(STDEV(H6:H1198)+1E-12)) | J59: =IF('3a Raw'!G59="","",MAX(-3,MIN(3,('3a Raw'!G59-$J3)/$J4))) | K59: =IF(J59="","",(J59-AVERAGE(J6:J1198))/(STDEV(J6:J1198)+1E-12)) | L59: =IF('3a Raw'!H59="","",MAX(-3,MIN(3,('3a Raw'!H59-$L3)/$L4))) | M59: =IF(L59="","",(L59-AVERAGE(L6:L1198))/(STDEV(L6:L1198)+1E-12)) | N59: =IF('3a Raw'!I59="","",MAX(-3,MIN(3,('3a Raw'!I59-$N3)/$N4))) | O59: =IF(N59="","",(N59-AVERAGE(N6:N1198))/(STDEV(N6:N1198)+1E-12)) | P59: =IF('3a Raw'!J59="","",MAX(-3,MIN(3,('3a Raw'!J59-$P3)/$P4))) | Q59: =IF(P59="","",(P59-AVERAGE(P6:P1198))/(STDEV(P6:P1198)+1E-12)) | R59: =IF('3a Raw'!K59="","",MAX(-3,MIN(3,('3a Raw'!K59-$R3)/$R4))) | S59: =IF(R59="","",(R59-AVERAGE(R6:R1198))/(STDEV(R6:R1198)+1E-12)) | T59: =IF('3a Raw'!L59="","",MAX(-3,MIN(3,('3a Raw'!L59-$T3)/$T4))) | U59: =IF(T59="","",(T59-AVERAGE(T6:T1198))/(STDEV(T6:T1198)+1E-12)) | X59: =IF(U59="","",U59-($V$3*G59+$W$3)) | Y59: =IF(X59="","",MAX(-3,MIN(3,(X59-$X3)/$X4))) | Z59: =IF(Y59="","",(Y59-AVERAGE(Y6:Y1198))/(STDEV(Y6:Y1198)+1E-12))
A60: alle | B60: =IF('3a Raw'!C60="","",MAX(-3,MIN(3,('3a Raw'!C60-$B3)/$B4))) | C60: =IF(B60="","",(B60-AVERAGE(B6:B1198))/(STDEV(B6:B1198)+1E-12)) | D60: =IF('3a Raw'!D60="","",MAX(-3,MIN(3,('3a Raw'!D60-$D3)/$D4))) | E60: =IF(D60="","",(D60-AVERAGE(D6:D1198))/(STDEV(D6:D1198)+1E-12)) | F60: =IF('3a Raw'!E60="","",MAX(-3,MIN(3,('3a Raw'!E60-$F3)/$F4))) | G60: =IF(F60="","",(F60-AVERAGE(F6:F1198))/(STDEV(F6:F1198)+1E-12)) | H60: =IF('3a Raw'!F60="","",MAX(-3,MIN(3,('3a Raw'!F60-$H3)/$H4))) | I60: =IF(H60="","",(H60-AVERAGE(H6:H1198))/(STDEV(H6:H1198)+1E-12)) | J60: =IF('3a Raw'!G60="","",MAX(-3,MIN(3,('3a Raw'!G60-$J3)/$J4))) | K60: =IF(J60="","",(J60-AVERAGE(J6:J1198))/(STDEV(J6:J1198)+1E-12)) | L60: =IF('3a Raw'!H60="","",MAX(-3,MIN(3,('3a Raw'!H60-$L3)/$L4))) | M60: =IF(L60="","",(L60-AVERAGE(L6:L1198))/(STDEV(L6:L1198)+1E-12)) | N60: =IF('3a Raw'!I60="","",MAX(-3,MIN(3,('3a Raw'!I60-$N3)/$N4))) | O60: =IF(N60="","",(N60-AVERAGE(N6:N1198))/(STDEV(N6:N1198)+1E-12)) | P60: =IF('3a Raw'!J60="","",MAX(-3,MIN(3,('3a Raw'!J60-$P3)/$P4))) | Q60: =IF(P60="","",(P60-AVERAGE(P6:P1198))/(STDEV(P6:P1198)+1E-12)) | R60: =IF('3a Raw'!K60="","",MAX(-3,MIN(3,('3a Raw'!K60-$R3)/$R4))) | S60: =IF(R60="","",(R60-AVERAGE(R6:R1198))/(STDEV(R6:R1198)+1E-12)) | T60: =IF('3a Raw'!L60="","",MAX(-3,MIN(3,('3a Raw'!L60-$T3)/$T4))) | U60: =IF(T60="","",(T60-AVERAGE(T6:T1198))/(STDEV(T6:T1198)+1E-12)) | X60: =IF(U60="","",U60-($V$3*G60+$W$3)) | Y60: =IF(X60="","",MAX(-3,MIN(3,(X60-$X3)/$X4))) | Z60: =IF(Y60="","",(Y60-AVERAGE(Y6:Y1198))/(STDEV(Y6:Y1198)+1E-12))
A61: BBG000BC2R71 | B61: =IF('3a Raw'!C61="","",MAX(-3,MIN(3,('3a Raw'!C61-$B3)/$B4))) | C61: =IF(B61="","",(B61-AVERAGE(B6:B1198))/(STDEV(B6:B1198)+1E-12)) | D61: =IF('3a Raw'!D61="","",MAX(-3,MIN(3,('3a Raw'!D61-$D3)/$D4))) | E61: =IF(D61="","",(D61-AVERAGE(D6:D1198))/(STDEV(D6:D1198)+1E-12)) | F61: =IF('3a Raw'!E61="","",MAX(-3,MIN(3,('3a Raw'!E61-$F3)/$F4))) | G61: =IF(F61="","",(F61-AVERAGE(F6:F1198))/(STDEV(F6:F1198)+1E-12)) | H61: =IF('3a Raw'!F61="","",MAX(-3,MIN(3,('3a Raw'!F61-$H3)/$H4))) | I61: =IF(H61="","",(H61-AVERAGE(H6:H1198))/(STDEV(H6:H1198)+1E-12)) | J61: =IF('3a Raw'!G61="","",MAX(-3,MIN(3,('3a Raw'!G61-$J3)/$J4))) | K61: =IF(J61="","",(J61-AVERAGE(J6:J1198))/(STDEV(J6:J1198)+1E-12)) | L61: =IF('3a Raw'!H61="","",MAX(-3,MIN(3,('3a Raw'!H61-$L3)/$L4))) | M61: =IF(L61="","",(L61-AVERAGE(L6:L1198))/(STDEV(L6:L1198)+1E-12)) | N61: =IF('3a Raw'!I61="","",MAX(-3,MIN(3,('3a Raw'!I61-$N3)/$N4))) | O61: =IF(N61="","",(N61-AVERAGE(N6:N1198))/(STDEV(N6:N1198)+1E-12)) | P61: =IF('3a Raw'!J61="","",MAX(-3,MIN(3,('3a Raw'!J61-$P3)/$P4))) | Q61: =IF(P61="","",(P61-AVERAGE(P6:P1198))/(STDEV(P6:P1198)+1E-12)) | R61: =IF('3a Raw'!K61="","",MAX(-3,MIN(3,('3a Raw'!K61-$R3)/$R4))) | S61: =IF(R61="","",(R61-AVERAGE(R6:R1198))/(STDEV(R6:R1198)+1E-12)) | T61: =IF('3a Raw'!L61="","",MAX(-3,MIN(3,('3a Raw'!L61-$T3)/$T4))) | U61: =IF(T61="","",(T61-AVERAGE(T6:T1198))/(STDEV(T6:T1198)+1E-12)) | X61: =IF(U61="","",U61-($V$3*G61+$W$3)) | Y61: =IF(X61="","",MAX(-3,MIN(3,(X61-$X3)/$X4))) | Z61: =IF(Y61="","",(Y61-AVERAGE(Y6:Y1198))/(STDEV(Y6:Y1198)+1E-12))
A62: BBG000BFGNJ5 | B62: =IF('3a Raw'!C62="","",MAX(-3,MIN(3,('3a Raw'!C62-$B3)/$B4))) | C62: =IF(B62="","",(B62-AVERAGE(B6:B1198))/(STDEV(B6:B1198)+1E-12)) | D62: =IF('3a Raw'!D62="","",MAX(-3,MIN(3,('3a Raw'!D62-$D3)/$D4))) | E62: =IF(D62="","",(D62-AVERAGE(D6:D1198))/(STDEV(D6:D1198)+1E-12)) | F62: =IF('3a Raw'!E62="","",MAX(-3,MIN(3,('3a Raw'!E62-$F3)/$F4))) | G62: =IF(F62="","",(F62-AVERAGE(F6:F1198))/(STDEV(F6:F1198)+1E-12)) | H62: =IF('3a Raw'!F62="","",MAX(-3,MIN(3,('3a Raw'!F62-$H3)/$H4))) | I62: =IF(H62="","",(H62-AVERAGE(H6:H1198))/(STDEV(H6:H1198)+1E-12)) | J62: =IF('3a Raw'!G62="","",MAX(-3,MIN(3,('3a Raw'!G62-$J3)/$J4))) | K62: =IF(J62="","",(J62-AVERAGE(J6:J1198))/(STDEV(J6:J1198)+1E-12)) | L62: =IF('3a Raw'!H62="","",MAX(-3,MIN(3,('3a Raw'!H62-$L3)/$L4))) | M62: =IF(L62="","",(L62-AVERAGE(L6:L1198))/(STDEV(L6:L1198)+1E-12)) | N62: =IF('3a Raw'!I62="","",MAX(-3,MIN(3,('3a Raw'!I62-$N3)/$N4))) | O62: =IF(N62="","",(N62-AVERAGE(N6:N1198))/(STDEV(N6:N1198)+1E-12)) | P62: =IF('3a Raw'!J62="","",MAX(-3,MIN(3,('3a Raw'!J62-$P3)/$P4))) | Q62: =IF(P62="","",(P62-AVERAGE(P6:P1198))/(STDEV(P6:P1198)+1E-12)) | R62: =IF('3a Raw'!K62="","",MAX(-3,MIN(3,('3a Raw'!K62-$R3)/$R4))) | S62: =IF(R62="","",(R62-AVERAGE(R6:R1198))/(STDEV(R6:R1198)+1E-12)) | T62: =IF('3a Raw'!L62="","",MAX(-3,MIN(3,('3a Raw'!L62-$T3)/$T4))) | U62: =IF(T62="","",(T62-AVERAGE(T6:T1198))/(STDEV(T6:T1198)+1E-12)) | X62: =IF(U62="","",U62-($V$3*G62+$W$3)) | Y62: =IF(X62="","",MAX(-3,MIN(3,(X62-$X3)/$X4))) | Z62: =IF(Y62="","",(Y62-AVERAGE(Y6:Y1198))/(STDEV(Y6:Y1198)+1E-12))
A63: BBG007GNPYY7 | B63: =IF('3a Raw'!C63="","",MAX(-3,MIN(3,('3a Raw'!C63-$B3)/$B4))) | C63: =IF(B63="","",(B63-AVERAGE(B6:B1198))/(STDEV(B6:B1198)+1E-12)) | D63: =IF('3a Raw'!D63="","",MAX(-3,MIN(3,('3a Raw'!D63-$D3)/$D4))) | E63: =IF(D63="","",(D63-AVERAGE(D6:D1198))/(STDEV(D6:D1198)+1E-12)) | F63: =IF('3a Raw'!E63="","",MAX(-3,MIN(3,('3a Raw'!E63-$F3)/$F4))) | G63: =IF(F63="","",(F63-AVERAGE(F6:F1198))/(STDEV(F6:F1198)+1E-12)) | H63: =IF('3a Raw'!F63="","",MAX(-3,MIN(3,('3a Raw'!F63-$H3)/$H4))) | I63: =IF(H63="","",(H63-AVERAGE(H6:H1198))/(STDEV(H6:H1198)+1E-12)) | J63: =IF('3a Raw'!G63="","",MAX(-3,MIN(3,('3a Raw'!G63-$J3)/$J4))) | K63: =IF(J63="","",(J63-AVERAGE(J6:J1198))/(STDEV(J6:J1198)+1E-12)) | L63: =IF('3a Raw'!H63="","",MAX(-3,MIN(3,('3a Raw'!H63-$L3)/$L4))) | M63: =IF(L63="","",(L63-AVERAGE(L6:L1198))/(STDEV(L6:L1198)+1E-12)) | N63: =IF('3a Raw'!I63="","",MAX(-3,MIN(3,('3a Raw'!I63-$N3)/$N4))) | O63: =IF(N63="","",(N63-AVERAGE(N6:N1198))/(STDEV(N6:N1198)+1E-12)) | P63: =IF('3a Raw'!J63="","",MAX(-3,MIN(3,('3a Raw'!J63-$P3)/$P4))) | Q63: =IF(P63="","",(P63-AVERAGE(P6:P1198))/(STDEV(P6:P1198)+1E-12)) | R63: =IF('3a Raw'!K63="","",MAX(-3,MIN(3,('3a Raw'!K63-$R3)/$R4))) | S63: =IF(R63="","",(R63-AVERAGE(R6:R1198))/(STDEV(R6:R1198)+1E-12)) | T63: =IF('3a Raw'!L63="","",MAX(-3,MIN(3,('3a Raw'!L63-$T3)/$T4))) | U63: =IF(T63="","",(T63-AVERAGE(T6:T1198))/(STDEV(T6:T1198)+1E-12)) | X63: =IF(U63="","",U63-($V$3*G63+$W$3)) | Y63: =IF(X63="","",MAX(-3,MIN(3,(X63-$X3)/$X4))) | Z63: =IF(Y63="","",(Y63-AVERAGE(Y6:Y1198))/(STDEV(Y6:Y1198)+1E-12))
A64: BBG001KY3845 | B64: =IF('3a Raw'!C64="","",MAX(-3,MIN(3,('3a Raw'!C64-$B3)/$B4))) | C64: =IF(B64="","",(B64-AVERAGE(B6:B1198))/(STDEV(B6:B1198)+1E-12)) | D64: =IF('3a Raw'!D64="","",MAX(-3,MIN(3,('3a Raw'!D64-$D3)/$D4))) | E64: =IF(D64="","",(D64-AVERAGE(D6:D1198))/(STDEV(D6:D1198)+1E-12)) | F64: =IF('3a Raw'!E64="","",MAX(-3,MIN(3,('3a Raw'!E64-$F3)/$F4))) | G64: =IF(F64="","",(F64-AVERAGE(F6:F1198))/(STDEV(F6:F1198)+1E-12)) | H64: =IF('3a Raw'!F64="","",MAX(-3,MIN(3,('3a Raw'!F64-$H3)/$H4))) | I64: =IF(H64="","",(H64-AVERAGE(H6:H1198))/(STDEV(H6:H1198)+1E-12)) | J64: =IF('3a Raw'!G64="","",MAX(-3,MIN(3,('3a Raw'!G64-$J3)/$J4))) | K64: =IF(J64="","",(J64-AVERAGE(J6:J1198))/(STDEV(J6:J1198)+1E-12)) | L64: =IF('3a Raw'!H64="","",MAX(-3,MIN(3,('3a Raw'!H64-$L3)/$L4))) | M64: =IF(L64="","",(L64-AVERAGE(L6:L1198))/(STDEV(L6:L1198)+1E-12)) | N64: =IF('3a Raw'!I64="","",MAX(-3,MIN(3,('3a Raw'!I64-$N3)/$N4))) | O64: =IF(N64="","",(N64-AVERAGE(N6:N1198))/(STDEV(N6:N1198)+1E-12)) | P64: =IF('3a Raw'!J64="","",MAX(-3,MIN(3,('3a Raw'!J64-$P3)/$P4))) | Q64: =IF(P64="","",(P64-AVERAGE(P6:P1198))/(STDEV(P6:P1198)+1E-12)) | R64: =IF('3a Raw'!K64="","",MAX(-3,MIN(3,('3a Raw'!K64-$R3)/$R4))) | S64: =IF(R64="","",(R64-AVERAGE(R6:R1198))/(STDEV(R6:R1198)+1E-12)) | T64: =IF('3a Raw'!L64="","",MAX(-3,MIN(3,('3a Raw'!L64-$T3)/$T4))) | U64: =IF(T64="","",(T64-AVERAGE(T6:T1198))/(STDEV(T6:T1198)+1E-12)) | X64: =IF(U64="","",U64-($V$3*G64+$W$3)) | Y64: =IF(X64="","",MAX(-3,MIN(3,(X64-$X3)/$X4))) | Z64: =IF(Y64="","",(Y64-AVERAGE(Y6:Y1198))/(STDEV(Y6:Y1198)+1E-12))
A65: BBG000BBPFB9 | B65: =IF('3a Raw'!C65="","",MAX(-3,MIN(3,('3a Raw'!C65-$B3)/$B4))) | C65: =IF(B65="","",(B65-AVERAGE(B6:B1198))/(STDEV(B6:B1198)+1E-12)) | D65: =IF('3a Raw'!D65="","",MAX(-3,MIN(3,('3a Raw'!D65-$D3)/$D4))) | E65: =IF(D65="","",(D65-AVERAGE(D6:D1198))/(STDEV(D6:D1198)+1E-12)) | F65: =IF('3a Raw'!E65="","",MAX(-3,MIN(3,('3a Raw'!E65-$F3)/$F4))) | G65: =IF(F65="","",(F65-AVERAGE(F6:F1198))/(STDEV(F6:F1198)+1E-12)) | H65: =IF('3a Raw'!F65="","",MAX(-3,MIN(3,('3a Raw'!F65-$H3)/$H4))) | I65: =IF(H65="","",(H65-AVERAGE(H6:H1198))/(STDEV(H6:H1198)+1E-12)) | J65: =IF('3a Raw'!G65="","",MAX(-3,MIN(3,('3a Raw'!G65-$J3)/$J4))) | K65: =IF(J65="","",(J65-AVERAGE(J6:J1198))/(STDEV(J6:J1198)+1E-12)) | L65: =IF('3a Raw'!H65="","",MAX(-3,MIN(3,('3a Raw'!H65-$L3)/$L4))) | M65: =IF(L65="","",(L65-AVERAGE(L6:L1198))/(STDEV(L6:L1198)+1E-12)) | N65: =IF('3a Raw'!I65="","",MAX(-3,MIN(3,('3a Raw'!I65-$N3)/$N4))) | O65: =IF(N65="","",(N65-AVERAGE(N6:N1198))/(STDEV(N6:N1198)+1E-12)) | P65: =IF('3a Raw'!J65="","",MAX(-3,MIN(3,('3a Raw'!J65-$P3)/$P4))) | Q65: =IF(P65="","",(P65-AVERAGE(P6:P1198))/(STDEV(P6:P1198)+1E-12)) | R65: =IF('3a Raw'!K65="","",MAX(-3,MIN(3,('3a Raw'!K65-$R3)/$R4))) | S65: =IF(R65="","",(R65-AVERAGE(R6:R1198))/(STDEV(R6:R1198)+1E-12)) | T65: =IF('3a Raw'!L65="","",MAX(-3,MIN(3,('3a Raw'!L65-$T3)/$T4))) | U65: =IF(T65="","",(T65-AVERAGE(T6:T1198))/(STDEV(T6:T1198)+1E-12)) | X65: =IF(U65="","",U65-($V$3*G65+$W$3)) | Y65: =IF(X65="","",MAX(-3,MIN(3,(X65-$X3)/$X4))) | Z65: =IF(Y65="","",(Y65-AVERAGE(Y6:Y1198))/(STDEV(Y6:Y1198)+1E-12))
A66: amcr | B66: =IF('3a Raw'!C66="","",MAX(-3,MIN(3,('3a Raw'!C66-$B3)/$B4))) | C66: =IF(B66="","",(B66-AVERAGE(B6:B1198))/(STDEV(B6:B1198)+1E-12)) | D66: =IF('3a Raw'!D66="","",MAX(-3,MIN(3,('3a Raw'!D66-$D3)/$D4))) | E66: =IF(D66="","",(D66-AVERAGE(D6:D1198))/(STDEV(D6:D1198)+1E-12)) | F66: =IF('3a Raw'!E66="","",MAX(-3,MIN(3,('3a Raw'!E66-$F3)/$F4))) | G66: =IF(F66="","",(F66-AVERAGE(F6:F1198))/(STDEV(F6:F1198)+1E-12)) | H66: =IF('3a Raw'!F66="","",MAX(-3,MIN(3,('3a Raw'!F66-$H3)/$H4))) | I66: =IF(H66="","",(H66-AVERAGE(H6:H1198))/(STDEV(H6:H1198)+1E-12)) | J66: =IF('3a Raw'!G66="","",MAX(-3,MIN(3,('3a Raw'!G66-$J3)/$J4))) | K66: =IF(J66="","",(J66-AVERAGE(J6:J1198))/(STDEV(J6:J1198)+1E-12)) | L66: =IF('3a Raw'!H66="","",MAX(-3,MIN(3,('3a Raw'!H66-$L3)/$L4))) | M66: =IF(L66="","",(L66-AVERAGE(L6:L1198))/(STDEV(L6:L1198)+1E-12)) | N66: =IF('3a Raw'!I66="","",MAX(-3,MIN(3,('3a Raw'!I66-$N3)/$N4))) | O66: =IF(N66="","",(N66-AVERAGE(N6:N1198))/(STDEV(N6:N1198)+1E-12)) | P66: =IF('3a Raw'!J66="","",MAX(-3,MIN(3,('3a Raw'!J66-$P3)/$P4))) | Q66: =IF(P66="","",(P66-AVERAGE(P6:P1198))/(STDEV(P6:P1198)+1E-12)) | R66: =IF('3a Raw'!K66="","",MAX(-3,MIN(3,('3a Raw'!K66-$R3)/$R4))) | S66: =IF(R66="","",(R66-AVERAGE(R6:R1198))/(STDEV(R6:R1198)+1E-12)) | T66: =IF('3a Raw'!L66="","",MAX(-3,MIN(3,('3a Raw'!L66-$T3)/$T4))) | U66: =IF(T66="","",(T66-AVERAGE(T6:T1198))/(STDEV(T6:T1198)+1E-12)) | X66: =IF(U66="","",U66-($V$3*G66+$W$3)) | Y66: =IF(X66="","",MAX(-3,MIN(3,(X66-$X3)/$X4))) | Z66: =IF(Y66="","",(Y66-AVERAGE(Y6:Y1198))/(STDEV(Y6:Y1198)+1E-12))
A67: BBG000H01H92 | B67: =IF('3a Raw'!C67="","",MAX(-3,MIN(3,('3a Raw'!C67-$B3)/$B4))) | C67: =IF(B67="","",(B67-AVERAGE(B6:B1198))/(STDEV(B6:B1198)+1E-12)) | D67: =IF('3a Raw'!D67="","",MAX(-3,MIN(3,('3a Raw'!D67-$D3)/$D4))) | E67: =IF(D67="","",(D67-AVERAGE(D6:D1198))/(STDEV(D6:D1198)+1E-12)) | F67: =IF('3a Raw'!E67="","",MAX(-3,MIN(3,('3a Raw'!E67-$F3)/$F4))) | G67: =IF(F67="","",(F67-AVERAGE(F6:F1198))/(STDEV(F6:F1198)+1E-12)) | H67: =IF('3a Raw'!F67="","",MAX(-3,MIN(3,('3a Raw'!F67-$H3)/$H4))) | I67: =IF(H67="","",(H67-AVERAGE(H6:H1198))/(STDEV(H6:H1198)+1E-12)) | J67: =IF('3a Raw'!G67="","",MAX(-3,MIN(3,('3a Raw'!G67-$J3)/$J4))) | K67: =IF(J67="","",(J67-AVERAGE(J6:J1198))/(STDEV(J6:J1198)+1E-12)) | L67: =IF('3a Raw'!H67="","",MAX(-3,MIN(3,('3a Raw'!H67-$L3)/$L4))) | M67: =IF(L67="","",(L67-AVERAGE(L6:L1198))/(STDEV(L6:L1198)+1E-12)) | N67: =IF('3a Raw'!I67="","",MAX(-3,MIN(3,('3a Raw'!I67-$N3)/$N4))) | O67: =IF(N67="","",(N67-AVERAGE(N6:N1198))/(STDEV(N6:N1198)+1E-12)) | P67: =IF('3a Raw'!J67="","",MAX(-3,MIN(3,('3a Raw'!J67-$P3)/$P4))) | Q67: =IF(P67="","",(P67-AVERAGE(P6:P1198))/(STDEV(P6:P1198)+1E-12)) | R67: =IF('3a Raw'!K67="","",MAX(-3,MIN(3,('3a Raw'!K67-$R3)/$R4))) | S67: =IF(R67="","",(R67-AVERAGE(R6:R1198))/(STDEV(R6:R1198)+1E-12)) | T67: =IF('3a Raw'!L67="","",MAX(-3,MIN(3,('3a Raw'!L67-$T3)/$T4))) | U67: =IF(T67="","",(T67-AVERAGE(T6:T1198))/(STDEV(T6:T1198)+1E-12)) | X67: =IF(U67="","",U67-($V$3*G67+$W$3)) | Y67: =IF(X67="","",MAX(-3,MIN(3,(X67-$X3)/$X4))) | Z67: =IF(Y67="","",(Y67-AVERAGE(Y6:Y1198))/(STDEV(Y6:Y1198)+1E-12))
A68: BBG000BBQCY0 | B68: =IF('3a Raw'!C68="","",MAX(-3,MIN(3,('3a Raw'!C68-$B3)/$B4))) | C68: =IF(B68="","",(B68-AVERAGE(B6:B1198))/(STDEV(B6:B1198)+1E-12)) | D68: =IF('3a Raw'!D68="","",MAX(-3,MIN(3,('3a Raw'!D68-$D3)/$D4))) | E68: =IF(D68="","",(D68-AVERAGE(D6:D1198))/(STDEV(D6:D1198)+1E-12)) | F68: =IF('3a Raw'!E68="","",MAX(-3,MIN(3,('3a Raw'!E68-$F3)/$F4))) | G68: =IF(F68="","",(F68-AVERAGE(F6:F1198))/(STDEV(F6:F1198)+1E-12)) | H68: =IF('3a Raw'!F68="","",MAX(-3,MIN(3,('3a Raw'!F68-$H3)/$H4))) | I68: =IF(H68="","",(H68-AVERAGE(H6:H1198))/(STDEV(H6:H1198)+1E-12)) | J68: =IF('3a Raw'!G68="","",MAX(-3,MIN(3,('3a Raw'!G68-$J3)/$J4))) | K68: =IF(J68="","",(J68-AVERAGE(J6:J1198))/(STDEV(J6:J1198)+1E-12)) | L68: =IF('3a Raw'!H68="","",MAX(-3,MIN(3,('3a Raw'!H68-$L3)/$L4))) | M68: =IF(L68="","",(L68-AVERAGE(L6:L1198))/(STDEV(L6:L1198)+1E-12)) | N68: =IF('3a Raw'!I68="","",MAX(-3,MIN(3,('3a Raw'!I68-$N3)/$N4))) | O68: =IF(N68="","",(N68-AVERAGE(N6:N1198))/(STDEV(N6:N1198)+1E-12)) | P68: =IF('3a Raw'!J68="","",MAX(-3,MIN(3,('3a Raw'!J68-$P3)/$P4))) | Q68: =IF(P68="","",(P68-AVERAGE(P6:P1198))/(STDEV(P6:P1198)+1E-12)) | R68: =IF('3a Raw'!K68="","",MAX(-3,MIN(3,('3a Raw'!K68-$R3)/$R4))) | S68: =IF(R68="","",(R68-AVERAGE(R6:R1198))/(STDEV(R6:R1198)+1E-12)) | T68: =IF('3a Raw'!L68="","",MAX(-3,MIN(3,('3a Raw'!L68-$T3)/$T4))) | U68: =IF(T68="","",(T68-AVERAGE(T6:T1198))/(STDEV(T6:T1198)+1E-12)) | X68: =IF(U68="","",U68-($V$3*G68+$W$3)) | Y68: =IF(X68="","",MAX(-3,MIN(3,(X68-$X3)/$X4))) | Z68: =IF(Y68="","",(Y68-AVERAGE(Y6:Y1198))/(STDEV(Y6:Y1198)+1E-12))
A69: BBG000B9XG87 | B69: =IF('3a Raw'!C69="","",MAX(-3,MIN(3,('3a Raw'!C69-$B3)/$B4))) | C69: =IF(B69="","",(B69-AVERAGE(B6:B1198))/(STDEV(B6:B1198)+1E-12)) | D69: =IF('3a Raw'!D69="","",MAX(-3,MIN(3,('3a Raw'!D69-$D3)/$D4))) | E69: =IF(D69="","",(D69-AVERAGE(D6:D1198))/(STDEV(D6:D1198)+1E-12)) | F69: =IF('3a Raw'!E69="","",MAX(-3,MIN(3,('3a Raw'!E69-$F3)/$F4))) | G69: =IF(F69="","",(F69-AVERAGE(F6:F1198))/(STDEV(F6:F1198)+1E-12)) | H69: =IF('3a Raw'!F69="","",MAX(-3,MIN(3,('3a Raw'!F69-$H3)/$H4))) | I69: =IF(H69="","",(H69-AVERAGE(H6:H1198))/(STDEV(H6:H1198)+1E-12)) | J69: =IF('3a Raw'!G69="","",MAX(-3,MIN(3,('3a Raw'!G69-$J3)/$J4))) | K69: =IF(J69="","",(J69-AVERAGE(J6:J1198))/(STDEV(J6:J1198)+1E-12)) | L69: =IF('3a Raw'!H69="","",MAX(-3,MIN(3,('3a Raw'!H69-$L3)/$L4))) | M69: =IF(L69="","",(L69-AVERAGE(L6:L1198))/(STDEV(L6:L1198)+1E-12)) | N69: =IF('3a Raw'!I69="","",MAX(-3,MIN(3,('3a Raw'!I69-$N3)/$N4))) | O69: =IF(N69="","",(N69-AVERAGE(N6:N1198))/(STDEV(N6:N1198)+1E-12)) | P69: =IF('3a Raw'!J69="","",MAX(-3,MIN(3,('3a Raw'!J69-$P3)/$P4))) | Q69: =IF(P69="","",(P69-AVERAGE(P6:P1198))/(STDEV(P6:P1198)+1E-12)) | R69: =IF('3a Raw'!K69="","",MAX(-3,MIN(3,('3a Raw'!K69-$R3)/$R4))) | S69: =IF(R69="","",(R69-AVERAGE(R6:R1198))/(STDEV(R6:R1198)+1E-12)) | T69: =IF('3a Raw'!L69="","",MAX(-3,MIN(3,('3a Raw'!L69-$T3)/$T4))) | U69: =IF(T69="","",(T69-AVERAGE(T6:T1198))/(STDEV(T6:T1198)+1E-12)) | X69: =IF(U69="","",U69-($V$3*G69+$W$3)) | Y69: =IF(X69="","",MAX(-3,MIN(3,(X69-$X3)/$X4))) | Z69: =IF(Y69="","",(Y69-AVERAGE(Y6:Y1198))/(STDEV(Y6:Y1198)+1E-12))
A70: BBG000C060M4 | B70: =IF('3a Raw'!C70="","",MAX(-3,MIN(3,('3a Raw'!C70-$B3)/$B4))) | C70: =IF(B70="","",(B70-AVERAGE(B6:B1198))/(STDEV(B6:B1198)+1E-12)) | D70: =IF('3a Raw'!D70="","",MAX(-3,MIN(3,('3a Raw'!D70-$D3)/$D4))) | E70: =IF(D70="","",(D70-AVERAGE(D6:D1198))/(STDEV(D6:D1198)+1E-12)) | F70: =IF('3a Raw'!E70="","",MAX(-3,MIN(3,('3a Raw'!E70-$F3)/$F4))) | G70: =IF(F70="","",(F70-AVERAGE(F6:F1198))/(STDEV(F6:F1198)+1E-12)) | H70: =IF('3a Raw'!F70="","",MAX(-3,MIN(3,('3a Raw'!F70-$H3)/$H4))) | I70: =IF(H70="","",(H70-AVERAGE(H6:H1198))/(STDEV(H6:H1198)+1E-12)) | J70: =IF('3a Raw'!G70="","",MAX(-3,MIN(3,('3a Raw'!G70-$J3)/$J4))) | K70: =IF(J70="","",(J70-AVERAGE(J6:J1198))/(STDEV(J6:J1198)+1E-12)) | L70: =IF('3a Raw'!H70="","",MAX(-3,MIN(3,('3a Raw'!H70-$L3)/$L4))) | M70: =IF(L70="","",(L70-AVERAGE(L6:L1198))/(STDEV(L6:L1198)+1E-12)) | N70: =IF('3a Raw'!I70="","",MAX(-3,MIN(3,('3a Raw'!I70-$N3)/$N4))) | O70: =IF(N70="","",(N70-AVERAGE(N6:N1198))/(STDEV(N6:N1198)+1E-12)) | P70: =IF('3a Raw'!J70="","",MAX(-3,MIN(3,('3a Raw'!J70-$P3)/$P4))) | Q70: =IF(P70="","",(P70-AVERAGE(P6:P1198))/(STDEV(P6:P1198)+1E-12)) | R70: =IF('3a Raw'!K70="","",MAX(-3,MIN(3,('3a Raw'!K70-$R3)/$R4))) | S70: =IF(R70="","",(R70-AVERAGE(R6:R1198))/(STDEV(R6:R1198)+1E-12)) | T70: =IF('3a Raw'!L70="","",MAX(-3,MIN(3,('3a Raw'!L70-$T3)/$T4))) | U70: =IF(T70="","",(T70-AVERAGE(T6:T1198))/(STDEV(T6:T1198)+1E-12)) | X70: =IF(U70="","",U70-($V$3*G70+$W$3)) | Y70: =IF(X70="","",MAX(-3,MIN(3,(X70-$X3)/$X4))) | Z70: =IF(Y70="","",(Y70-AVERAGE(Y6:Y1198))/(STDEV(Y6:Y1198)+1E-12))
A71: BBG000BBS2Y0 | B71: =IF('3a Raw'!C71="","",MAX(-3,MIN(3,('3a Raw'!C71-$B3)/$B4))) | C71: =IF(B71="","",(B71-AVERAGE(B6:B1198))/(STDEV(B6:B1198)+1E-12)) | D71: =IF('3a Raw'!D71="","",MAX(-3,MIN(3,('3a Raw'!D71-$D3)/$D4))) | E71: =IF(D71="","",(D71-AVERAGE(D6:D1198))/(STDEV(D6:D1198)+1E-12)) | F71: =IF('3a Raw'!E71="","",MAX(-3,MIN(3,('3a Raw'!E71-$F3)/$F4))) | G71: =IF(F71="","",(F71-AVERAGE(F6:F1198))/(STDEV(F6:F1198)+1E-12)) | H71: =IF('3a Raw'!F71="","",MAX(-3,MIN(3,('3a Raw'!F71-$H3)/$H4))) | I71: =IF(H71="","",(H71-AVERAGE(H6:H1198))/(STDEV(H6:H1198)+1E-12)) | J71: =IF('3a Raw'!G71="","",MAX(-3,MIN(3,('3a Raw'!G71-$J3)/$J4))) | K71: =IF(J71="","",(J71-AVERAGE(J6:J1198))/(STDEV(J6:J1198)+1E-12)) | L71: =IF('3a Raw'!H71="","",MAX(-3,MIN(3,('3a Raw'!H71-$L3)/$L4))) | M71: =IF(L71="","",(L71-AVERAGE(L6:L1198))/(STDEV(L6:L1198)+1E-12)) | N71: =IF('3a Raw'!I71="","",MAX(-3,MIN(3,('3a Raw'!I71-$N3)/$N4))) | O71: =IF(N71="","",(N71-AVERAGE(N6:N1198))/(STDEV(N6:N1198)+1E-12)) | P71: =IF('3a Raw'!J71="","",MAX(-3,MIN(3,('3a Raw'!J71-$P3)/$P4))) | Q71: =IF(P71="","",(P71-AVERAGE(P6:P1198))/(STDEV(P6:P1198)+1E-12)) | R71: =IF('3a Raw'!K71="","",MAX(-3,MIN(3,('3a Raw'!K71-$R3)/$R4))) | S71: =IF(R71="","",(R71-AVERAGE(R6:R1198))/(STDEV(R6:R1198)+1E-12)) | T71: =IF('3a Raw'!L71="","",MAX(-3,MIN(3,('3a Raw'!L71-$T3)/$T4))) | U71: =IF(T71="","",(T71-AVERAGE(T6:T1198))/(STDEV(T6:T1198)+1E-12)) | X71: =IF(U71="","",U71-($V$3*G71+$W$3)) | Y71: =IF(X71="","",MAX(-3,MIN(3,(X71-$X3)/$X4))) | Z71: =IF(Y71="","",(Y71-AVERAGE(Y6:Y1198))/(STDEV(Y6:Y1198)+1E-12))
A72: BBG000G3QLY3 | B72: =IF('3a Raw'!C72="","",MAX(-3,MIN(3,('3a Raw'!C72-$B3)/$B4))) | C72: =IF(B72="","",(B72-AVERAGE(B6:B1198))/(STDEV(B6:B1198)+1E-12)) | D72: =IF('3a Raw'!D72="","",MAX(-3,MIN(3,('3a Raw'!D72-$D3)/$D4))) | E72: =IF(D72="","",(D72-AVERAGE(D6:D1198))/(STDEV(D6:D1198)+1E-12)) | F72: =IF('3a Raw'!E72="","",MAX(-3,MIN(3,('3a Raw'!E72-$F3)/$F4))) | G72: =IF(F72="","",(F72-AVERAGE(F6:F1198))/(STDEV(F6:F1198)+1E-12)) | H72: =IF('3a Raw'!F72="","",MAX(-3,MIN(3,('3a Raw'!F72-$H3)/$H4))) | I72: =IF(H72="","",(H72-AVERAGE(H6:H1198))/(STDEV(H6:H1198)+1E-12)) | J72: =IF('3a Raw'!G72="","",MAX(-3,MIN(3,('3a Raw'!G72-$J3)/$J4))) | K72: =IF(J72="","",(J72-AVERAGE(J6:J1198))/(STDEV(J6:J1198)+1E-12)) | L72: =IF('3a Raw'!H72="","",MAX(-3,MIN(3,('3a Raw'!H72-$L3)/$L4))) | M72: =IF(L72="","",(L72-AVERAGE(L6:L1198))/(STDEV(L6:L1198)+1E-12)) | N72: =IF('3a Raw'!I72="","",MAX(-3,MIN(3,('3a Raw'!I72-$N3)/$N4))) | O72: =IF(N72="","",(N72-AVERAGE(N6:N1198))/(STDEV(N6:N1198)+1E-12)) | P72: =IF('3a Raw'!J72="","",MAX(-3,MIN(3,('3a Raw'!J72-$P3)/$P4))) | Q72: =IF(P72="","",(P72-AVERAGE(P6:P1198))/(STDEV(P6:P1198)+1E-12)) | R72: =IF('3a Raw'!K72="","",MAX(-3,MIN(3,('3a Raw'!K72-$R3)/$R4))) | S72: =IF(R72="","",(R72-AVERAGE(R6:R1198))/(STDEV(R6:R1198)+1E-12)) | T72: =IF('3a Raw'!L72="","",MAX(-3,MIN(3,('3a Raw'!L72-$T3)/$T4))) | U72: =IF(T72="","",(T72-AVERAGE(T6:T1198))/(STDEV(T6:T1198)+1E-12)) | X72: =IF(U72="","",U72-($V$3*G72+$W$3)) | Y72: =IF(X72="","",MAX(-3,MIN(3,(X72-$X3)/$X4))) | Z72: =IF(Y72="","",(Y72-AVERAGE(Y6:Y1198))/(STDEV(Y6:Y1198)+1E-12))
A73: BBG000B9XYV2 | B73: =IF('3a Raw'!C73="","",MAX(-3,MIN(3,('3a Raw'!C73-$B3)/$B4))) | C73: =IF(B73="","",(B73-AVERAGE(B6:B1198))/(STDEV(B6:B1198)+1E-12)) | D73: =IF('3a Raw'!D73="","",MAX(-3,MIN(3,('3a Raw'!D73-$D3)/$D4))) | E73: =IF(D73="","",(D73-AVERAGE(D6:D1198))/(STDEV(D6:D1198)+1E-12)) | F73: =IF('3a Raw'!E73="","",MAX(-3,MIN(3,('3a Raw'!E73-$F3)/$F4))) | G73: =IF(F73="","",(F73-AVERAGE(F6:F1198))/(STDEV(F6:F1198)+1E-12)) | H73: =IF('3a Raw'!F73="","",MAX(-3,MIN(3,('3a Raw'!F73-$H3)/$H4))) | I73: =IF(H73="","",(H73-AVERAGE(H6:H1198))/(STDEV(H6:H1198)+1E-12)) | J73: =IF('3a Raw'!G73="","",MAX(-3,MIN(3,('3a Raw'!G73-$J3)/$J4))) | K73: =IF(J73="","",(J73-AVERAGE(J6:J1198))/(STDEV(J6:J1198)+1E-12)) | L73: =IF('3a Raw'!H73="","",MAX(-3,MIN(3,('3a Raw'!H73-$L3)/$L4))) | M73: =IF(L73="","",(L73-AVERAGE(L6:L1198))/(STDEV(L6:L1198)+1E-12)) | N73: =IF('3a Raw'!I73="","",MAX(-3,MIN(3,('3a Raw'!I73-$N3)/$N4))) | O73: =IF(N73="","",(N73-AVERAGE(N6:N1198))/(STDEV(N6:N1198)+1E-12)) | P73: =IF('3a Raw'!J73="","",MAX(-3,MIN(3,('3a Raw'!J73-$P3)/$P4))) | Q73: =IF(P73="","",(P73-AVERAGE(P6:P1198))/(STDEV(P6:P1198)+1E-12)) | R73: =IF('3a Raw'!K73="","",MAX(-3,MIN(3,('3a Raw'!K73-$R3)/$R4))) | S73: =IF(R73="","",(R73-AVERAGE(R6:R1198))/(STDEV(R6:R1198)+1E-12)) | T73: =IF('3a Raw'!L73="","",MAX(-3,MIN(3,('3a Raw'!L73-$T3)/$T4))) | U73: =IF(T73="","",(T73-AVERAGE(T6:T1198))/(STDEV(T6:T1198)+1E-12)) | X73: =IF(U73="","",U73-($V$3*G73+$W$3)) | Y73: =IF(X73="","",MAX(-3,MIN(3,(X73-$X3)/$X4))) | Z73: =IF(Y73="","",(Y73-AVERAGE(Y6:Y1198))/(STDEV(Y6:Y1198)+1E-12))
A74: BBG01NY7B734 | B74: =IF('3a Raw'!C74="","",MAX(-3,MIN(3,('3a Raw'!C74-$B3)/$B4))) | C74: =IF(B74="","",(B74-AVERAGE(B6:B1198))/(STDEV(B6:B1198)+1E-12)) | D74: =IF('3a Raw'!D74="","",MAX(-3,MIN(3,('3a Raw'!D74-$D3)/$D4))) | E74: =IF(D74="","",(D74-AVERAGE(D6:D1198))/(STDEV(D6:D1198)+1E-12)) | F74: =IF('3a Raw'!E74="","",MAX(-3,MIN(3,('3a Raw'!E74-$F3)/$F4))) | G74: =IF(F74="","",(F74-AVERAGE(F6:F1198))/(STDEV(F6:F1198)+1E-12)) | H74: =IF('3a Raw'!F74="","",MAX(-3,MIN(3,('3a Raw'!F74-$H3)/$H4))) | I74: =IF(H74="","",(H74-AVERAGE(H6:H1198))/(STDEV(H6:H1198)+1E-12)) | J74: =IF('3a Raw'!G74="","",MAX(-3,MIN(3,('3a Raw'!G74-$J3)/$J4))) | K74: =IF(J74="","",(J74-AVERAGE(J6:J1198))/(STDEV(J6:J1198)+1E-12)) | L74: =IF('3a Raw'!H74="","",MAX(-3,MIN(3,('3a Raw'!H74-$L3)/$L4))) | M74: =IF(L74="","",(L74-AVERAGE(L6:L1198))/(STDEV(L6:L1198)+1E-12)) | N74: =IF('3a Raw'!I74="","",MAX(-3,MIN(3,('3a Raw'!I74-$N3)/$N4))) | O74: =IF(N74="","",(N74-AVERAGE(N6:N1198))/(STDEV(N6:N1198)+1E-12)) | P74: =IF('3a Raw'!J74="","",MAX(-3,MIN(3,('3a Raw'!J74-$P3)/$P4))) | Q74: =IF(P74="","",(P74-AVERAGE(P6:P1198))/(STDEV(P6:P1198)+1E-12)) | R74: =IF('3a Raw'!K74="","",MAX(-3,MIN(3,('3a Raw'!K74-$R3)/$R4))) | S74: =IF(R74="","",(R74-AVERAGE(R6:R1198))/(STDEV(R6:R1198)+1E-12)) | T74: =IF('3a Raw'!L74="","",MAX(-3,MIN(3,('3a Raw'!L74-$T3)/$T4))) | U74: =IF(T74="","",(T74-AVERAGE(T6:T1198))/(STDEV(T6:T1198)+1E-12)) | X74: =IF(U74="","",U74-($V$3*G74+$W$3)) | Y74: =IF(X74="","",MAX(-3,MIN(3,(X74-$X3)/$X4))) | Z74: =IF(Y74="","",(Y74-AVERAGE(Y6:Y1198))/(STDEV(Y6:Y1198)+1E-12))
A75: BBG000BVPV84 | B75: =IF('3a Raw'!C75="","",MAX(-3,MIN(3,('3a Raw'!C75-$B3)/$B4))) | C75: =IF(B75="","",(B75-AVERAGE(B6:B1198))/(STDEV(B6:B1198)+1E-12)) | D75: =IF('3a Raw'!D75="","",MAX(-3,MIN(3,('3a Raw'!D75-$D3)/$D4))) | E75: =IF(D75="","",(D75-AVERAGE(D6:D1198))/(STDEV(D6:D1198)+1E-12)) | F75: =IF('3a Raw'!E75="","",MAX(-3,MIN(3,('3a Raw'!E75-$F3)/$F4))) | G75: =IF(F75="","",(F75-AVERAGE(F6:F1198))/(STDEV(F6:F1198)+1E-12)) | H75: =IF('3a Raw'!F75="","",MAX(-3,MIN(3,('3a Raw'!F75-$H3)/$H4))) | I75: =IF(H75="","",(H75-AVERAGE(H6:H1198))/(STDEV(H6:H1198)+1E-12)) | J75: =IF('3a Raw'!G75="","",MAX(-3,MIN(3,('3a Raw'!G75-$J3)/$J4))) | K75: =IF(J75="","",(J75-AVERAGE(J6:J1198))/(STDEV(J6:J1198)+1E-12)) | L75: =IF('3a Raw'!H75="","",MAX(-3,MIN(3,('3a Raw'!H75-$L3)/$L4))) | M75: =IF(L75="","",(L75-AVERAGE(L6:L1198))/(STDEV(L6:L1198)+1E-12)) | N75: =IF('3a Raw'!I75="","",MAX(-3,MIN(3,('3a Raw'!I75-$N3)/$N4))) | O75: =IF(N75="","",(N75-AVERAGE(N6:N1198))/(STDEV(N6:N1198)+1E-12)) | P75: =IF('3a Raw'!J75="","",MAX(-3,MIN(3,('3a Raw'!J75-$P3)/$P4))) | Q75: =IF(P75="","",(P75-AVERAGE(P6:P1198))/(STDEV(P6:P1198)+1E-12)) | R75: =IF('3a Raw'!K75="","",MAX(-3,MIN(3,('3a Raw'!K75-$R3)/$R4))) | S75: =IF(R75="","",(R75-AVERAGE(R6:R1198))/(STDEV(R6:R1198)+1E-12)) | T75: =IF('3a Raw'!L75="","",MAX(-3,MIN(3,('3a Raw'!L75-$T3)/$T4))) | U75: =IF(T75="","",(T75-AVERAGE(T6:T1198))/(STDEV(T6:T1198)+1E-12)) | X75: =IF(U75="","",U75-($V$3*G75+$W$3)) | Y75: =IF(X75="","",MAX(-3,MIN(3,(X75-$X3)/$X4))) | Z75: =IF(Y75="","",(Y75-AVERAGE(Y6:Y1198))/(STDEV(Y6:Y1198)+1E-12))
A76: BBG000BBXLW4 | B76: =IF('3a Raw'!C76="","",MAX(-3,MIN(3,('3a Raw'!C76-$B3)/$B4))) | C76: =IF(B76="","",(B76-AVERAGE(B6:B1198))/(STDEV(B6:B1198)+1E-12)) | D76: =IF('3a Raw'!D76="","",MAX(-3,MIN(3,('3a Raw'!D76-$D3)/$D4))) | E76: =IF(D76="","",(D76-AVERAGE(D6:D1198))/(STDEV(D6:D1198)+1E-12)) | F76: =IF('3a Raw'!E76="","",MAX(-3,MIN(3,('3a Raw'!E76-$F3)/$F4))) | G76: =IF(F76="","",(F76-AVERAGE(F6:F1198))/(STDEV(F6:F1198)+1E-12)) | H76: =IF('3a Raw'!F76="","",MAX(-3,MIN(3,('3a Raw'!F76-$H3)/$H4))) | I76: =IF(H76="","",(H76-AVERAGE(H6:H1198))/(STDEV(H6:H1198)+1E-12)) | J76: =IF('3a Raw'!G76="","",MAX(-3,MIN(3,('3a Raw'!G76-$J3)/$J4))) | K76: =IF(J76="","",(J76-AVERAGE(J6:J1198))/(STDEV(J6:J1198)+1E-12)) | L76: =IF('3a Raw'!H76="","",MAX(-3,MIN(3,('3a Raw'!H76-$L3)/$L4))) | M76: =IF(L76="","",(L76-AVERAGE(L6:L1198))/(STDEV(L6:L1198)+1E-12)) | N76: =IF('3a Raw'!I76="","",MAX(-3,MIN(3,('3a Raw'!I76-$N3)/$N4))) | O76: =IF(N76="","",(N76-AVERAGE(N6:N1198))/(STDEV(N6:N1198)+1E-12)) | P76: =IF('3a Raw'!J76="","",MAX(-3,MIN(3,('3a Raw'!J76-$P3)/$P4))) | Q76: =IF(P76="","",(P76-AVERAGE(P6:P1198))/(STDEV(P6:P1198)+1E-12)) | R76: =IF('3a Raw'!K76="","",MAX(-3,MIN(3,('3a Raw'!K76-$R3)/$R4))) | S76: =IF(R76="","",(R76-AVERAGE(R6:R1198))/(STDEV(R6:R1198)+1E-12)) | T76: =IF('3a Raw'!L76="","",MAX(-3,MIN(3,('3a Raw'!L76-$T3)/$T4))) | U76: =IF(T76="","",(T76-AVERAGE(T6:T1198))/(STDEV(T6:T1198)+1E-12)) | X76: =IF(U76="","",U76-($V$3*G76+$W$3)) | Y76: =IF(X76="","",MAX(-3,MIN(3,(X76-$X3)/$X4))) | Z76: =IF(Y76="","",(Y76-AVERAGE(Y6:Y1198))/(STDEV(Y6:Y1198)+1E-12))
A77: BBG0026ZDHR0 | B77: =IF('3a Raw'!C77="","",MAX(-3,MIN(3,('3a Raw'!C77-$B3)/$B4))) | C77: =IF(B77="","",(B77-AVERAGE(B6:B1198))/(STDEV(B6:B1198)+1E-12)) | D77: =IF('3a Raw'!D77="","",MAX(-3,MIN(3,('3a Raw'!D77-$D3)/$D4))) | E77: =IF(D77="","",(D77-AVERAGE(D6:D1198))/(STDEV(D6:D1198)+1E-12)) | F77: =IF('3a Raw'!E77="","",MAX(-3,MIN(3,('3a Raw'!E77-$F3)/$F4))) | G77: =IF(F77="","",(F77-AVERAGE(F6:F1198))/(STDEV(F6:F1198)+1E-12)) | H77: =IF('3a Raw'!F77="","",MAX(-3,MIN(3,('3a Raw'!F77-$H3)/$H4))) | I77: =IF(H77="","",(H77-AVERAGE(H6:H1198))/(STDEV(H6:H1198)+1E-12)) | J77: =IF('3a Raw'!G77="","",MAX(-3,MIN(3,('3a Raw'!G77-$J3)/$J4))) | K77: =IF(J77="","",(J77-AVERAGE(J6:J1198))/(STDEV(J6:J1198)+1E-12)) | L77: =IF('3a Raw'!H77="","",MAX(-3,MIN(3,('3a Raw'!H77-$L3)/$L4))) | M77: =IF(L77="","",(L77-AVERAGE(L6:L1198))/(STDEV(L6:L1198)+1E-12)) | N77: =IF('3a Raw'!I77="","",MAX(-3,MIN(3,('3a Raw'!I77-$N3)/$N4))) | O77: =IF(N77="","",(N77-AVERAGE(N6:N1198))/(STDEV(N6:N1198)+1E-12)) | P77: =IF('3a Raw'!J77="","",MAX(-3,MIN(3,('3a Raw'!J77-$P3)/$P4))) | Q77: =IF(P77="","",(P77-AVERAGE(P6:P1198))/(STDEV(P6:P1198)+1E-12)) | R77: =IF('3a Raw'!K77="","",MAX(-3,MIN(3,('3a Raw'!K77-$R3)/$R4))) | S77: =IF(R77="","",(R77-AVERAGE(R6:R1198))/(STDEV(R6:R1198)+1E-12)) | T77: =IF('3a Raw'!L77="","",MAX(-3,MIN(3,('3a Raw'!L77-$T3)/$T4))) | U77: =IF(T77="","",(T77-AVERAGE(T6:T1198))/(STDEV(T6:T1198)+1E-12)) | X77: =IF(U77="","",U77-($V$3*G77+$W$3)) | Y77: =IF(X77="","",MAX(-3,MIN(3,(X77-$X3)/$X4))) | Z77: =IF(Y77="","",(Y77-AVERAGE(Y6:Y1198))/(STDEV(Y6:Y1198)+1E-12))
A78: BBG01XG59BR4 | B78: =IF('3a Raw'!C78="","",MAX(-3,MIN(3,('3a Raw'!C78-$B3)/$B4))) | C78: =IF(B78="","",(B78-AVERAGE(B6:B1198))/(STDEV(B6:B1198)+1E-12)) | D78: =IF('3a Raw'!D78="","",MAX(-3,MIN(3,('3a Raw'!D78-$D3)/$D4))) | E78: =IF(D78="","",(D78-AVERAGE(D6:D1198))/(STDEV(D6:D1198)+1E-12)) | F78: =IF('3a Raw'!E78="","",MAX(-3,MIN(3,('3a Raw'!E78-$F3)/$F4))) | G78: =IF(F78="","",(F78-AVERAGE(F6:F1198))/(STDEV(F6:F1198)+1E-12)) | H78: =IF('3a Raw'!F78="","",MAX(-3,MIN(3,('3a Raw'!F78-$H3)/$H4))) | I78: =IF(H78="","",(H78-AVERAGE(H6:H1198))/(STDEV(H6:H1198)+1E-12)) | J78: =IF('3a Raw'!G78="","",MAX(-3,MIN(3,('3a Raw'!G78-$J3)/$J4))) | K78: =IF(J78="","",(J78-AVERAGE(J6:J1198))/(STDEV(J6:J1198)+1E-12)) | L78: =IF('3a Raw'!H78="","",MAX(-3,MIN(3,('3a Raw'!H78-$L3)/$L4))) | M78: =IF(L78="","",(L78-AVERAGE(L6:L1198))/(STDEV(L6:L1198)+1E-12)) | N78: =IF('3a Raw'!I78="","",MAX(-3,MIN(3,('3a Raw'!I78-$N3)/$N4))) | O78: =IF(N78="","",(N78-AVERAGE(N6:N1198))/(STDEV(N6:N1198)+1E-12)) | P78: =IF('3a Raw'!J78="","",MAX(-3,MIN(3,('3a Raw'!J78-$P3)/$P4))) | Q78: =IF(P78="","",(P78-AVERAGE(P6:P1198))/(STDEV(P6:P1198)+1E-12)) | R78: =IF('3a Raw'!K78="","",MAX(-3,MIN(3,('3a Raw'!K78-$R3)/$R4))) | S78: =IF(R78="","",(R78-AVERAGE(R6:R1198))/(STDEV(R6:R1198)+1E-12)) | T78: =IF('3a Raw'!L78="","",MAX(-3,MIN(3,('3a Raw'!L78-$T3)/$T4))) | U78: =IF(T78="","",(T78-AVERAGE(T6:T1198))/(STDEV(T6:T1198)+1E-12)) | X78: =IF(U78="","",U78-($V$3*G78+$W$3)) | Y78: =IF(X78="","",MAX(-3,MIN(3,(X78-$X3)/$X4))) | Z78: =IF(Y78="","",(Y78-AVERAGE(Y6:Y1198))/(STDEV(Y6:Y1198)+1E-12))
A79: anet | B79: =IF('3a Raw'!C79="","",MAX(-3,MIN(3,('3a Raw'!C79-$B3)/$B4))) | C79: =IF(B79="","",(B79-AVERAGE(B6:B1198))/(STDEV(B6:B1198)+1E-12)) | D79: =IF('3a Raw'!D79="","",MAX(-3,MIN(3,('3a Raw'!D79-$D3)/$D4))) | E79: =IF(D79="","",(D79-AVERAGE(D6:D1198))/(STDEV(D6:D1198)+1E-12)) | F79: =IF('3a Raw'!E79="","",MAX(-3,MIN(3,('3a Raw'!E79-$F3)/$F4))) | G79: =IF(F79="","",(F79-AVERAGE(F6:F1198))/(STDEV(F6:F1198)+1E-12)) | H79: =IF('3a Raw'!F79="","",MAX(-3,MIN(3,('3a Raw'!F79-$H3)/$H4))) | I79: =IF(H79="","",(H79-AVERAGE(H6:H1198))/(STDEV(H6:H1198)+1E-12)) | J79: =IF('3a Raw'!G79="","",MAX(-3,MIN(3,('3a Raw'!G79-$J3)/$J4))) | K79: =IF(J79="","",(J79-AVERAGE(J6:J1198))/(STDEV(J6:J1198)+1E-12)) | L79: =IF('3a Raw'!H79="","",MAX(-3,MIN(3,('3a Raw'!H79-$L3)/$L4))) | M79: =IF(L79="","",(L79-AVERAGE(L6:L1198))/(STDEV(L6:L1198)+1E-12)) | N79: =IF('3a Raw'!I79="","",MAX(-3,MIN(3,('3a Raw'!I79-$N3)/$N4))) | O79: =IF(N79="","",(N79-AVERAGE(N6:N1198))/(STDEV(N6:N1198)+1E-12)) | P79: =IF('3a Raw'!J79="","",MAX(-3,MIN(3,('3a Raw'!J79-$P3)/$P4))) | Q79: =IF(P79="","",(P79-AVERAGE(P6:P1198))/(STDEV(P6:P1198)+1E-12)) | R79: =IF('3a Raw'!K79="","",MAX(-3,MIN(3,('3a Raw'!K79-$R3)/$R4))) | S79: =IF(R79="","",(R79-AVERAGE(R6:R1198))/(STDEV(R6:R1198)+1E-12)) | T79: =IF('3a Raw'!L79="","",MAX(-3,MIN(3,('3a Raw'!L79-$T3)/$T4))) | U79: =IF(T79="","",(T79-AVERAGE(T6:T1198))/(STDEV(T6:T1198)+1E-12)) | X79: =IF(U79="","",U79-($V$3*G79+$W$3)) | Y79: =IF(X79="","",MAX(-3,MIN(3,(X79-$X3)/$X4))) | Z79: =IF(Y79="","",(Y79-AVERAGE(Y6:Y1198))/(STDEV(Y6:Y1198)+1E-12))
A80: BBG000H9G7X2 | B80: =IF('3a Raw'!C80="","",MAX(-3,MIN(3,('3a Raw'!C80-$B3)/$B4))) | C80: =IF(B80="","",(B80-AVERAGE(B6:B1198))/(STDEV(B6:B1198)+1E-12)) | D80: =IF('3a Raw'!D80="","",MAX(-3,MIN(3,('3a Raw'!D80-$D3)/$D4))) | E80: =IF(D80="","",(D80-AVERAGE(D6:D1198))/(STDEV(D6:D1198)+1E-12)) | F80: =IF('3a Raw'!E80="","",MAX(-3,MIN(3,('3a Raw'!E80-$F3)/$F4))) | G80: =IF(F80="","",(F80-AVERAGE(F6:F1198))/(STDEV(F6:F1198)+1E-12)) | H80: =IF('3a Raw'!F80="","",MAX(-3,MIN(3,('3a Raw'!F80-$H3)/$H4))) | I80: =IF(H80="","",(H80-AVERAGE(H6:H1198))/(STDEV(H6:H1198)+1E-12)) | J80: =IF('3a Raw'!G80="","",MAX(-3,MIN(3,('3a Raw'!G80-$J3)/$J4))) | K80: =IF(J80="","",(J80-AVERAGE(J6:J1198))/(STDEV(J6:J1198)+1E-12)) | L80: =IF('3a Raw'!H80="","",MAX(-3,MIN(3,('3a Raw'!H80-$L3)/$L4))) | M80: =IF(L80="","",(L80-AVERAGE(L6:L1198))/(STDEV(L6:L1198)+1E-12)) | N80: =IF('3a Raw'!I80="","",MAX(-3,MIN(3,('3a Raw'!I80-$N3)/$N4))) | O80: =IF(N80="","",(N80-AVERAGE(N6:N1198))/(STDEV(N6:N1198)+1E-12)) | P80: =IF('3a Raw'!J80="","",MAX(-3,MIN(3,('3a Raw'!J80-$P3)/$P4))) | Q80: =IF(P80="","",(P80-AVERAGE(P6:P1198))/(STDEV(P6:P1198)+1E-12)) | R80: =IF('3a Raw'!K80="","",MAX(-3,MIN(3,('3a Raw'!K80-$R3)/$R4))) | S80: =IF(R80="","",(R80-AVERAGE(R6:R1198))/(STDEV(R6:R1198)+1E-12)) | T80: =IF('3a Raw'!L80="","",MAX(-3,MIN(3,('3a Raw'!L80-$T3)/$T4))) | U80: =IF(T80="","",(T80-AVERAGE(T6:T1198))/(STDEV(T6:T1198)+1E-12)) | X80: =IF(U80="","",U80-($V$3*G80+$W$3)) | Y80: =IF(X80="","",MAX(-3,MIN(3,(X80-$X3)/$X4))) | Z80: =IF(Y80="","",(Y80-AVERAGE(Y6:Y1198))/(STDEV(Y6:Y1198)+1E-12))
A81: aon | B81: =IF('3a Raw'!C81="","",MAX(-3,MIN(3,('3a Raw'!C81-$B3)/$B4))) | C81: =IF(B81="","",(B81-AVERAGE(B6:B1198))/(STDEV(B6:B1198)+1E-12)) | D81: =IF('3a Raw'!D81="","",MAX(-3,MIN(3,('3a Raw'!D81-$D3)/$D4))) | E81: =IF(D81="","",(D81-AVERAGE(D6:D1198))/(STDEV(D6:D1198)+1E-12)) | F81: =IF('3a Raw'!E81="","",MAX(-3,MIN(3,('3a Raw'!E81-$F3)/$F4))) | G81: =IF(F81="","",(F81-AVERAGE(F6:F1198))/(STDEV(F6:F1198)+1E-12)) | H81: =IF('3a Raw'!F81="","",MAX(-3,MIN(3,('3a Raw'!F81-$H3)/$H4))) | I81: =IF(H81="","",(H81-AVERAGE(H6:H1198))/(STDEV(H6:H1198)+1E-12)) | J81: =IF('3a Raw'!G81="","",MAX(-3,MIN(3,('3a Raw'!G81-$J3)/$J4))) | K81: =IF(J81="","",(J81-AVERAGE(J6:J1198))/(STDEV(J6:J1198)+1E-12)) | L81: =IF('3a Raw'!H81="","",MAX(-3,MIN(3,('3a Raw'!H81-$L3)/$L4))) | M81: =IF(L81="","",(L81-AVERAGE(L6:L1198))/(STDEV(L6:L1198)+1E-12)) | N81: =IF('3a Raw'!I81="","",MAX(-3,MIN(3,('3a Raw'!I81-$N3)/$N4))) | O81: =IF(N81="","",(N81-AVERAGE(N6:N1198))/(STDEV(N6:N1198)+1E-12)) | P81: =IF('3a Raw'!J81="","",MAX(-3,MIN(3,('3a Raw'!J81-$P3)/$P4))) | Q81: =IF(P81="","",(P81-AVERAGE(P6:P1198))/(STDEV(P6:P1198)+1E-12)) | R81: =IF('3a Raw'!K81="","",MAX(-3,MIN(3,('3a Raw'!K81-$R3)/$R4))) | S81: =IF(R81="","",(R81-AVERAGE(R6:R1198))/(STDEV(R6:R1198)+1E-12)) | T81: =IF('3a Raw'!L81="","",MAX(-3,MIN(3,('3a Raw'!L81-$T3)/$T4))) | U81: =IF(T81="","",(T81-AVERAGE(T6:T1198))/(STDEV(T6:T1198)+1E-12)) | X81: =IF(U81="","",U81-($V$3*G81+$W$3)) | Y81: =IF(X81="","",MAX(-3,MIN(3,(X81-$X3)/$X4))) | Z81: =IF(Y81="","",(Y81-AVERAGE(Y6:Y1198))/(STDEV(Y6:Y1198)+1E-12))
A82: aos | B82: =IF('3a Raw'!C82="","",MAX(-3,MIN(3,('3a Raw'!C82-$B3)/$B4))) | C82: =IF(B82="","",(B82-AVERAGE(B6:B1198))/(STDEV(B6:B1198)+1E-12)) | D82: =IF('3a Raw'!D82="","",MAX(-3,MIN(3,('3a Raw'!D82-$D3)/$D4))) | E82: =IF(D82="","",(D82-AVERAGE(D6:D1198))/(STDEV(D6:D1198)+1E-12)) | F82: =IF('3a Raw'!E82="","",MAX(-3,MIN(3,('3a Raw'!E82-$F3)/$F4))) | G82: =IF(F82="","",(F82-AVERAGE(F6:F1198))/(STDEV(F6:F1198)+1E-12)) | H82: =IF('3a Raw'!F82="","",MAX(-3,MIN(3,('3a Raw'!F82-$H3)/$H4))) | I82: =IF(H82="","",(H82-AVERAGE(H6:H1198))/(STDEV(H6:H1198)+1E-12)) | J82: =IF('3a Raw'!G82="","",MAX(-3,MIN(3,('3a Raw'!G82-$J3)/$J4))) | K82: =IF(J82="","",(J82-AVERAGE(J6:J1198))/(STDEV(J6:J1198)+1E-12)) | L82: =IF('3a Raw'!H82="","",MAX(-3,MIN(3,('3a Raw'!H82-$L3)/$L4))) | M82: =IF(L82="","",(L82-AVERAGE(L6:L1198))/(STDEV(L6:L1198)+1E-12)) | N82: =IF('3a Raw'!I82="","",MAX(-3,MIN(3,('3a Raw'!I82-$N3)/$N4))) | O82: =IF(N82="","",(N82-AVERAGE(N6:N1198))/(STDEV(N6:N1198)+1E-12)) | P82: =IF('3a Raw'!J82="","",MAX(-3,MIN(3,('3a Raw'!J82-$P3)/$P4))) | Q82: =IF(P82="","",(P82-AVERAGE(P6:P1198))/(STDEV(P6:P1198)+1E-12)) | R82: =IF('3a Raw'!K82="","",MAX(-3,MIN(3,('3a Raw'!K82-$R3)/$R4))) | S82: =IF(R82="","",(R82-AVERAGE(R6:R1198))/(STDEV(R6:R1198)+1E-12)) | T82: =IF('3a Raw'!L82="","",MAX(-3,MIN(3,('3a Raw'!L82-$T3)/$T4))) | U82: =IF(T82="","",(T82-AVERAGE(T6:T1198))/(STDEV(T6:T1198)+1E-12)) | X82: =IF(U82="","",U82-($V$3*G82+$W$3)) | Y82: =IF(X82="","",MAX(-3,MIN(3,(X82-$X3)/$X4))) | Z82: =IF(Y82="","",(Y82-AVERAGE(Y6:Y1198))/(STDEV(Y6:Y1198)+1E-12))
A83: apa | B83: =IF('3a Raw'!C83="","",MAX(-3,MIN(3,('3a Raw'!C83-$B3)/$B4))) | C83: =IF(B83="","",(B83-AVERAGE(B6:B1198))/(STDEV(B6:B1198)+1E-12)) | D83: =IF('3a Raw'!D83="","",MAX(-3,MIN(3,('3a Raw'!D83-$D3)/$D4))) | E83: =IF(D83="","",(D83-AVERAGE(D6:D1198))/(STDEV(D6:D1198)+1E-12)) | F83: =IF('3a Raw'!E83="","",MAX(-3,MIN(3,('3a Raw'!E83-$F3)/$F4))) | G83: =IF(F83="","",(F83-AVERAGE(F6:F1198))/(STDEV(F6:F1198)+1E-12)) | H83: =IF('3a Raw'!F83="","",MAX(-3,MIN(3,('3a Raw'!F83-$H3)/$H4))) | I83: =IF(H83="","",(H83-AVERAGE(H6:H1198))/(STDEV(H6:H1198)+1E-12)) | J83: =IF('3a Raw'!G83="","",MAX(-3,MIN(3,('3a Raw'!G83-$J3)/$J4))) | K83: =IF(J83="","",(J83-AVERAGE(J6:J1198))/(STDEV(J6:J1198)+1E-12)) | L83: =IF('3a Raw'!H83="","",MAX(-3,MIN(3,('3a Raw'!H83-$L3)/$L4))) | M83: =IF(L83="","",(L83-AVERAGE(L6:L1198))/(STDEV(L6:L1198)+1E-12)) | N83: =IF('3a Raw'!I83="","",MAX(-3,MIN(3,('3a Raw'!I83-$N3)/$N4))) | O83: =IF(N83="","",(N83-AVERAGE(N6:N1198))/(STDEV(N6:N1198)+1E-12)) | P83: =IF('3a Raw'!J83="","",MAX(-3,MIN(3,('3a Raw'!J83-$P3)/$P4))) | Q83: =IF(P83="","",(P83-AVERAGE(P6:P1198))/(STDEV(P6:P1198)+1E-12)) | R83: =IF('3a Raw'!K83="","",MAX(-3,MIN(3,('3a Raw'!K83-$R3)/$R4))) | S83: =IF(R83="","",(R83-AVERAGE(R6:R1198))/(STDEV(R6:R1198)+1E-12)) | T83: =IF('3a Raw'!L83="","",MAX(-3,MIN(3,('3a Raw'!L83-$T3)/$T4))) | U83: =IF(T83="","",(T83-AVERAGE(T6:T1198))/(STDEV(T6:T1198)+1E-12)) | X83: =IF(U83="","",U83-($V$3*G83+$W$3)) | Y83: =IF(X83="","",MAX(-3,MIN(3,(X83-$X3)/$X4))) | Z83: =IF(Y83="","",(Y83-AVERAGE(Y6:Y1198))/(STDEV(Y6:Y1198)+1E-12))
A84: BBG000BC4JJ4 | B84: =IF('3a Raw'!C84="","",MAX(-3,MIN(3,('3a Raw'!C84-$B3)/$B4))) | C84: =IF(B84="","",(B84-AVERAGE(B6:B1198))/(STDEV(B6:B1198)+1E-12)) | D84: =IF('3a Raw'!D84="","",MAX(-3,MIN(3,('3a Raw'!D84-$D3)/$D4))) | E84: =IF(D84="","",(D84-AVERAGE(D6:D1198))/(STDEV(D6:D1198)+1E-12)) | F84: =IF('3a Raw'!E84="","",MAX(-3,MIN(3,('3a Raw'!E84-$F3)/$F4))) | G84: =IF(F84="","",(F84-AVERAGE(F6:F1198))/(STDEV(F6:F1198)+1E-12)) | H84: =IF('3a Raw'!F84="","",MAX(-3,MIN(3,('3a Raw'!F84-$H3)/$H4))) | I84: =IF(H84="","",(H84-AVERAGE(H6:H1198))/(STDEV(H6:H1198)+1E-12)) | J84: =IF('3a Raw'!G84="","",MAX(-3,MIN(3,('3a Raw'!G84-$J3)/$J4))) | K84: =IF(J84="","",(J84-AVERAGE(J6:J1198))/(STDEV(J6:J1198)+1E-12)) | L84: =IF('3a Raw'!H84="","",MAX(-3,MIN(3,('3a Raw'!H84-$L3)/$L4))) | M84: =IF(L84="","",(L84-AVERAGE(L6:L1198))/(STDEV(L6:L1198)+1E-12)) | N84: =IF('3a Raw'!I84="","",MAX(-3,MIN(3,('3a Raw'!I84-$N3)/$N4))) | O84: =IF(N84="","",(N84-AVERAGE(N6:N1198))/(STDEV(N6:N1198)+1E-12)) | P84: =IF('3a Raw'!J84="","",MAX(-3,MIN(3,('3a Raw'!J84-$P3)/$P4))) | Q84: =IF(P84="","",(P84-AVERAGE(P6:P1198))/(STDEV(P6:P1198)+1E-12)) | R84: =IF('3a Raw'!K84="","",MAX(-3,MIN(3,('3a Raw'!K84-$R3)/$R4))) | S84: =IF(R84="","",(R84-AVERAGE(R6:R1198))/(STDEV(R6:R1198)+1E-12)) | T84: =IF('3a Raw'!L84="","",MAX(-3,MIN(3,('3a Raw'!L84-$T3)/$T4))) | U84: =IF(T84="","",(T84-AVERAGE(T6:T1198))/(STDEV(T6:T1198)+1E-12)) | X84: =IF(U84="","",U84-($V$3*G84+$W$3)) | Y84: =IF(X84="","",MAX(-3,MIN(3,(X84-$X3)/$X4))) | Z84: =IF(Y84="","",(Y84-AVERAGE(Y6:Y1198))/(STDEV(Y6:Y1198)+1E-12))
A85: BBG00HXKRGY9 | B85: =IF('3a Raw'!C85="","",MAX(-3,MIN(3,('3a Raw'!C85-$B3)/$B4))) | C85: =IF(B85="","",(B85-AVERAGE(B6:B1198))/(STDEV(B6:B1198)+1E-12)) | D85: =IF('3a Raw'!D85="","",MAX(-3,MIN(3,('3a Raw'!D85-$D3)/$D4))) | E85: =IF(D85="","",(D85-AVERAGE(D6:D1198))/(STDEV(D6:D1198)+1E-12)) | F85: =IF('3a Raw'!E85="","",MAX(-3,MIN(3,('3a Raw'!E85-$F3)/$F4))) | G85: =IF(F85="","",(F85-AVERAGE(F6:F1198))/(STDEV(F6:F1198)+1E-12)) | H85: =IF('3a Raw'!F85="","",MAX(-3,MIN(3,('3a Raw'!F85-$H3)/$H4))) | I85: =IF(H85="","",(H85-AVERAGE(H6:H1198))/(STDEV(H6:H1198)+1E-12)) | J85: =IF('3a Raw'!G85="","",MAX(-3,MIN(3,('3a Raw'!G85-$J3)/$J4))) | K85: =IF(J85="","",(J85-AVERAGE(J6:J1198))/(STDEV(J6:J1198)+1E-12)) | L85: =IF('3a Raw'!H85="","",MAX(-3,MIN(3,('3a Raw'!H85-$L3)/$L4))) | M85: =IF(L85="","",(L85-AVERAGE(L6:L1198))/(STDEV(L6:L1198)+1E-12)) | N85: =IF('3a Raw'!I85="","",MAX(-3,MIN(3,('3a Raw'!I85-$N3)/$N4))) | O85: =IF(N85="","",(N85-AVERAGE(N6:N1198))/(STDEV(N6:N1198)+1E-12)) | P85: =IF('3a Raw'!J85="","",MAX(-3,MIN(3,('3a Raw'!J85-$P3)/$P4))) | Q85: =IF(P85="","",(P85-AVERAGE(P6:P1198))/(STDEV(P6:P1198)+1E-12)) | R85: =IF('3a Raw'!K85="","",MAX(-3,MIN(3,('3a Raw'!K85-$R3)/$R4))) | S85: =IF(R85="","",(R85-AVERAGE(R6:R1198))/(STDEV(R6:R1198)+1E-12)) | T85: =IF('3a Raw'!L85="","",MAX(-3,MIN(3,('3a Raw'!L85-$T3)/$T4))) | U85: =IF(T85="","",(T85-AVERAGE(T6:T1198))/(STDEV(T6:T1198)+1E-12)) | X85: =IF(U85="","",U85-($V$3*G85+$W$3)) | Y85: =IF(X85="","",MAX(-3,MIN(3,(X85-$X3)/$X4))) | Z85: =IF(Y85="","",(Y85-AVERAGE(Y6:Y1198))/(STDEV(Y6:Y1198)+1E-12))
A86: aph | B86: =IF('3a Raw'!C86="","",MAX(-3,MIN(3,('3a Raw'!C86-$B3)/$B4))) | C86: =IF(B86="","",(B86-AVERAGE(B6:B1198))/(STDEV(B6:B1198)+1E-12)) | D86: =IF('3a Raw'!D86="","",MAX(-3,MIN(3,('3a Raw'!D86-$D3)/$D4))) | E86: =IF(D86="","",(D86-AVERAGE(D6:D1198))/(STDEV(D6:D1198)+1E-12)) | F86: =IF('3a Raw'!E86="","",MAX(-3,MIN(3,('3a Raw'!E86-$F3)/$F4))) | G86: =IF(F86="","",(F86-AVERAGE(F6:F1198))/(STDEV(F6:F1198)+1E-12)) | H86: =IF('3a Raw'!F86="","",MAX(-3,MIN(3,('3a Raw'!F86-$H3)/$H4))) | I86: =IF(H86="","",(H86-AVERAGE(H6:H1198))/(STDEV(H6:H1198)+1E-12)) | J86: =IF('3a Raw'!G86="","",MAX(-3,MIN(3,('3a Raw'!G86-$J3)/$J4))) | K86: =IF(J86="","",(J86-AVERAGE(J6:J1198))/(STDEV(J6:J1198)+1E-12)) | L86: =IF('3a Raw'!H86="","",MAX(-3,MIN(3,('3a Raw'!H86-$L3)/$L4))) | M86: =IF(L86="","",(L86-AVERAGE(L6:L1198))/(STDEV(L6:L1198)+1E-12)) | N86: =IF('3a Raw'!I86="","",MAX(-3,MIN(3,('3a Raw'!I86-$N3)/$N4))) | O86: =IF(N86="","",(N86-AVERAGE(N6:N1198))/(STDEV(N6:N1198)+1E-12)) | P86: =IF('3a Raw'!J86="","",MAX(-3,MIN(3,('3a Raw'!J86-$P3)/$P4))) | Q86: =IF(P86="","",(P86-AVERAGE(P6:P1198))/(STDEV(P6:P1198)+1E-12)) | R86: =IF('3a Raw'!K86="","",MAX(-3,MIN(3,('3a Raw'!K86-$R3)/$R4))) | S86: =IF(R86="","",(R86-AVERAGE(R6:R1198))/(STDEV(R6:R1198)+1E-12)) | T86: =IF('3a Raw'!L86="","",MAX(-3,MIN(3,('3a Raw'!L86-$T3)/$T4))) | U86: =IF(T86="","",(T86-AVERAGE(T6:T1198))/(STDEV(T6:T1198)+1E-12)) | X86: =IF(U86="","",U86-($V$3*G86+$W$3)) | Y86: =IF(X86="","",MAX(-3,MIN(3,(X86-$X3)/$X4))) | Z86: =IF(Y86="","",(Y86-AVERAGE(Y6:Y1198))/(STDEV(Y6:Y1198)+1E-12))
A87: BBG000DSJYS8 | B87: =IF('3a Raw'!C87="","",MAX(-3,MIN(3,('3a Raw'!C87-$B3)/$B4))) | C87: =IF(B87="","",(B87-AVERAGE(B6:B1198))/(STDEV(B6:B1198)+1E-12)) | D87: =IF('3a Raw'!D87="","",MAX(-3,MIN(3,('3a Raw'!D87-$D3)/$D4))) | E87: =IF(D87="","",(D87-AVERAGE(D6:D1198))/(STDEV(D6:D1198)+1E-12)) | F87: =IF('3a Raw'!E87="","",MAX(-3,MIN(3,('3a Raw'!E87-$F3)/$F4))) | G87: =IF(F87="","",(F87-AVERAGE(F6:F1198))/(STDEV(F6:F1198)+1E-12)) | H87: =IF('3a Raw'!F87="","",MAX(-3,MIN(3,('3a Raw'!F87-$H3)/$H4))) | I87: =IF(H87="","",(H87-AVERAGE(H6:H1198))/(STDEV(H6:H1198)+1E-12)) | J87: =IF('3a Raw'!G87="","",MAX(-3,MIN(3,('3a Raw'!G87-$J3)/$J4))) | K87: =IF(J87="","",(J87-AVERAGE(J6:J1198))/(STDEV(J6:J1198)+1E-12)) | L87: =IF('3a Raw'!H87="","",MAX(-3,MIN(3,('3a Raw'!H87-$L3)/$L4))) | M87: =IF(L87="","",(L87-AVERAGE(L6:L1198))/(STDEV(L6:L1198)+1E-12)) | N87: =IF('3a Raw'!I87="","",MAX(-3,MIN(3,('3a Raw'!I87-$N3)/$N4))) | O87: =IF(N87="","",(N87-AVERAGE(N6:N1198))/(STDEV(N6:N1198)+1E-12)) | P87: =IF('3a Raw'!J87="","",MAX(-3,MIN(3,('3a Raw'!J87-$P3)/$P4))) | Q87: =IF(P87="","",(P87-AVERAGE(P6:P1198))/(STDEV(P6:P1198)+1E-12)) | R87: =IF('3a Raw'!K87="","",MAX(-3,MIN(3,('3a Raw'!K87-$R3)/$R4))) | S87: =IF(R87="","",(R87-AVERAGE(R6:R1198))/(STDEV(R6:R1198)+1E-12)) | T87: =IF('3a Raw'!L87="","",MAX(-3,MIN(3,('3a Raw'!L87-$T3)/$T4))) | U87: =IF(T87="","",(T87-AVERAGE(T6:T1198))/(STDEV(T6:T1198)+1E-12)) | X87: =IF(U87="","",U87-($V$3*G87+$W$3)) | Y87: =IF(X87="","",MAX(-3,MIN(3,(X87-$X3)/$X4))) | Z87: =IF(Y87="","",(Y87-AVERAGE(Y6:Y1198))/(STDEV(Y6:Y1198)+1E-12))
A88: BBG00ZNLTFK3 | B88: =IF('3a Raw'!C88="","",MAX(-3,MIN(3,('3a Raw'!C88-$B3)/$B4))) | C88: =IF(B88="","",(B88-AVERAGE(B6:B1198))/(STDEV(B6:B1198)+1E-12)) | D88: =IF('3a Raw'!D88="","",MAX(-3,MIN(3,('3a Raw'!D88-$D3)/$D4))) | E88: =IF(D88="","",(D88-AVERAGE(D6:D1198))/(STDEV(D6:D1198)+1E-12)) | F88: =IF('3a Raw'!E88="","",MAX(-3,MIN(3,('3a Raw'!E88-$F3)/$F4))) | G88: =IF(F88="","",(F88-AVERAGE(F6:F1198))/(STDEV(F6:F1198)+1E-12)) | H88: =IF('3a Raw'!F88="","",MAX(-3,MIN(3,('3a Raw'!F88-$H3)/$H4))) | I88: =IF(H88="","",(H88-AVERAGE(H6:H1198))/(STDEV(H6:H1198)+1E-12)) | J88: =IF('3a Raw'!G88="","",MAX(-3,MIN(3,('3a Raw'!G88-$J3)/$J4))) | K88: =IF(J88="","",(J88-AVERAGE(J6:J1198))/(STDEV(J6:J1198)+1E-12)) | L88: =IF('3a Raw'!H88="","",MAX(-3,MIN(3,('3a Raw'!H88-$L3)/$L4))) | M88: =IF(L88="","",(L88-AVERAGE(L6:L1198))/(STDEV(L6:L1198)+1E-12)) | N88: =IF('3a Raw'!I88="","",MAX(-3,MIN(3,('3a Raw'!I88-$N3)/$N4))) | O88: =IF(N88="","",(N88-AVERAGE(N6:N1198))/(STDEV(N6:N1198)+1E-12)) | P88: =IF('3a Raw'!J88="","",MAX(-3,MIN(3,('3a Raw'!J88-$P3)/$P4))) | Q88: =IF(P88="","",(P88-AVERAGE(P6:P1198))/(STDEV(P6:P1198)+1E-12)) | R88: =IF('3a Raw'!K88="","",MAX(-3,MIN(3,('3a Raw'!K88-$R3)/$R4))) | S88: =IF(R88="","",(R88-AVERAGE(R6:R1198))/(STDEV(R6:R1198)+1E-12)) | T88: =IF('3a Raw'!L88="","",MAX(-3,MIN(3,('3a Raw'!L88-$T3)/$T4))) | U88: =IF(T88="","",(T88-AVERAGE(T6:T1198))/(STDEV(T6:T1198)+1E-12)) | X88: =IF(U88="","",U88-($V$3*G88+$W$3)) | Y88: =IF(X88="","",MAX(-3,MIN(3,(X88-$X3)/$X4))) | Z88: =IF(Y88="","",(Y88-AVERAGE(Y6:Y1198))/(STDEV(Y6:Y1198)+1E-12))
A89: app | B89: =IF('3a Raw'!C89="","",MAX(-3,MIN(3,('3a Raw'!C89-$B3)/$B4))) | C89: =IF(B89="","",(B89-AVERAGE(B6:B1198))/(STDEV(B6:B1198)+1E-12)) | D89: =IF('3a Raw'!D89="","",MAX(-3,MIN(3,('3a Raw'!D89-$D3)/$D4))) | E89: =IF(D89="","",(D89-AVERAGE(D6:D1198))/(STDEV(D6:D1198)+1E-12)) | F89: =IF('3a Raw'!E89="","",MAX(-3,MIN(3,('3a Raw'!E89-$F3)/$F4))) | G89: =IF(F89="","",(F89-AVERAGE(F6:F1198))/(STDEV(F6:F1198)+1E-12)) | H89: =IF('3a Raw'!F89="","",MAX(-3,MIN(3,('3a Raw'!F89-$H3)/$H4))) | I89: =IF(H89="","",(H89-AVERAGE(H6:H1198))/(STDEV(H6:H1198)+1E-12)) | J89: =IF('3a Raw'!G89="","",MAX(-3,MIN(3,('3a Raw'!G89-$J3)/$J4))) | K89: =IF(J89="","",(J89-AVERAGE(J6:J1198))/(STDEV(J6:J1198)+1E-12)) | L89: =IF('3a Raw'!H89="","",MAX(-3,MIN(3,('3a Raw'!H89-$L3)/$L4))) | M89: =IF(L89="","",(L89-AVERAGE(L6:L1198))/(STDEV(L6:L1198)+1E-12)) | N89: =IF('3a Raw'!I89="","",MAX(-3,MIN(3,('3a Raw'!I89-$N3)/$N4))) | O89: =IF(N89="","",(N89-AVERAGE(N6:N1198))/(STDEV(N6:N1198)+1E-12)) | P89: =IF('3a Raw'!J89="","",MAX(-3,MIN(3,('3a Raw'!J89-$P3)/$P4))) | Q89: =IF(P89="","",(P89-AVERAGE(P6:P1198))/(STDEV(P6:P1198)+1E-12)) | R89: =IF('3a Raw'!K89="","",MAX(-3,MIN(3,('3a Raw'!K89-$R3)/$R4))) | S89: =IF(R89="","",(R89-AVERAGE(R6:R1198))/(STDEV(R6:R1198)+1E-12)) | T89: =IF('3a Raw'!L89="","",MAX(-3,MIN(3,('3a Raw'!L89-$T3)/$T4))) | U89: =IF(T89="","",(T89-AVERAGE(T6:T1198))/(STDEV(T6:T1198)+1E-12)) | X89: =IF(U89="","",U89-($V$3*G89+$W$3)) | Y89: =IF(X89="","",MAX(-3,MIN(3,(X89-$X3)/$X4))) | Z89: =IF(Y89="","",(Y89-AVERAGE(Y6:Y1198))/(STDEV(Y6:Y1198)+1E-12))
A90: aptv | B90: =IF('3a Raw'!C90="","",MAX(-3,MIN(3,('3a Raw'!C90-$B3)/$B4))) | C90: =IF(B90="","",(B90-AVERAGE(B6:B1198))/(STDEV(B6:B1198)+1E-12)) | D90: =IF('3a Raw'!D90="","",MAX(-3,MIN(3,('3a Raw'!D90-$D3)/$D4))) | E90: =IF(D90="","",(D90-AVERAGE(D6:D1198))/(STDEV(D6:D1198)+1E-12)) | F90: =IF('3a Raw'!E90="","",MAX(-3,MIN(3,('3a Raw'!E90-$F3)/$F4))) | G90: =IF(F90="","",(F90-AVERAGE(F6:F1198))/(STDEV(F6:F1198)+1E-12)) | H90: =IF('3a Raw'!F90="","",MAX(-3,MIN(3,('3a Raw'!F90-$H3)/$H4))) | I90: =IF(H90="","",(H90-AVERAGE(H6:H1198))/(STDEV(H6:H1198)+1E-12)) | J90: =IF('3a Raw'!G90="","",MAX(-3,MIN(3,('3a Raw'!G90-$J3)/$J4))) | K90: =IF(J90="","",(J90-AVERAGE(J6:J1198))/(STDEV(J6:J1198)+1E-12)) | L90: =IF('3a Raw'!H90="","",MAX(-3,MIN(3,('3a Raw'!H90-$L3)/$L4))) | M90: =IF(L90="","",(L90-AVERAGE(L6:L1198))/(STDEV(L6:L1198)+1E-12)) | N90: =IF('3a Raw'!I90="","",MAX(-3,MIN(3,('3a Raw'!I90-$N3)/$N4))) | O90: =IF(N90="","",(N90-AVERAGE(N6:N1198))/(STDEV(N6:N1198)+1E-12)) | P90: =IF('3a Raw'!J90="","",MAX(-3,MIN(3,('3a Raw'!J90-$P3)/$P4))) | Q90: =IF(P90="","",(P90-AVERAGE(P6:P1198))/(STDEV(P6:P1198)+1E-12)) | R90: =IF('3a Raw'!K90="","",MAX(-3,MIN(3,('3a Raw'!K90-$R3)/$R4))) | S90: =IF(R90="","",(R90-AVERAGE(R6:R1198))/(STDEV(R6:R1198)+1E-12)) | T90: =IF('3a Raw'!L90="","",MAX(-3,MIN(3,('3a Raw'!L90-$T3)/$T4))) | U90: =IF(T90="","",(T90-AVERAGE(T6:T1198))/(STDEV(T6:T1198)+1E-12)) | X90: =IF(U90="","",U90-($V$3*G90+$W$3)) | Y90: =IF(X90="","",MAX(-3,MIN(3,(X90-$X3)/$X4))) | Z90: =IF(Y90="","",(Y90-AVERAGE(Y6:Y1198))/(STDEV(Y6:Y1198)+1E-12))
A91: BBG000PD6X77 | B91: =IF('3a Raw'!C91="","",MAX(-3,MIN(3,('3a Raw'!C91-$B3)/$B4))) | C91: =IF(B91="","",(B91-AVERAGE(B6:B1198))/(STDEV(B6:B1198)+1E-12)) | D91: =IF('3a Raw'!D91="","",MAX(-3,MIN(3,('3a Raw'!D91-$D3)/$D4))) | E91: =IF(D91="","",(D91-AVERAGE(D6:D1198))/(STDEV(D6:D1198)+1E-12)) | F91: =IF('3a Raw'!E91="","",MAX(-3,MIN(3,('3a Raw'!E91-$F3)/$F4))) | G91: =IF(F91="","",(F91-AVERAGE(F6:F1198))/(STDEV(F6:F1198)+1E-12)) | H91: =IF('3a Raw'!F91="","",MAX(-3,MIN(3,('3a Raw'!F91-$H3)/$H4))) | I91: =IF(H91="","",(H91-AVERAGE(H6:H1198))/(STDEV(H6:H1198)+1E-12)) | J91: =IF('3a Raw'!G91="","",MAX(-3,MIN(3,('3a Raw'!G91-$J3)/$J4))) | K91: =IF(J91="","",(J91-AVERAGE(J6:J1198))/(STDEV(J6:J1198)+1E-12)) | L91: =IF('3a Raw'!H91="","",MAX(-3,MIN(3,('3a Raw'!H91-$L3)/$L4))) | M91: =IF(L91="","",(L91-AVERAGE(L6:L1198))/(STDEV(L6:L1198)+1E-12)) | N91: =IF('3a Raw'!I91="","",MAX(-3,MIN(3,('3a Raw'!I91-$N3)/$N4))) | O91: =IF(N91="","",(N91-AVERAGE(N6:N1198))/(STDEV(N6:N1198)+1E-12)) | P91: =IF('3a Raw'!J91="","",MAX(-3,MIN(3,('3a Raw'!J91-$P3)/$P4))) | Q91: =IF(P91="","",(P91-AVERAGE(P6:P1198))/(STDEV(P6:P1198)+1E-12)) | R91: =IF('3a Raw'!K91="","",MAX(-3,MIN(3,('3a Raw'!K91-$R3)/$R4))) | S91: =IF(R91="","",(R91-AVERAGE(R6:R1198))/(STDEV(R6:R1198)+1E-12)) | T91: =IF('3a Raw'!L91="","",MAX(-3,MIN(3,('3a Raw'!L91-$T3)/$T4))) | U91: =IF(T91="","",(T91-AVERAGE(T6:T1198))/(STDEV(T6:T1198)+1E-12)) | X91: =IF(U91="","",U91-($V$3*G91+$W$3)) | Y91: =IF(X91="","",MAX(-3,MIN(3,(X91-$X3)/$X4))) | Z91: =IF(Y91="","",(Y91-AVERAGE(Y6:Y1198))/(STDEV(Y6:Y1198)+1E-12))
A92: BBG00DM203B3 | B92: =IF('3a Raw'!C92="","",MAX(-3,MIN(3,('3a Raw'!C92-$B3)/$B4))) | C92: =IF(B92="","",(B92-AVERAGE(B6:B1198))/(STDEV(B6:B1198)+1E-12)) | D92: =IF('3a Raw'!D92="","",MAX(-3,MIN(3,('3a Raw'!D92-$D3)/$D4))) | E92: =IF(D92="","",(D92-AVERAGE(D6:D1198))/(STDEV(D6:D1198)+1E-12)) | F92: =IF('3a Raw'!E92="","",MAX(-3,MIN(3,('3a Raw'!E92-$F3)/$F4))) | G92: =IF(F92="","",(F92-AVERAGE(F6:F1198))/(STDEV(F6:F1198)+1E-12)) | H92: =IF('3a Raw'!F92="","",MAX(-3,MIN(3,('3a Raw'!F92-$H3)/$H4))) | I92: =IF(H92="","",(H92-AVERAGE(H6:H1198))/(STDEV(H6:H1198)+1E-12)) | J92: =IF('3a Raw'!G92="","",MAX(-3,MIN(3,('3a Raw'!G92-$J3)/$J4))) | K92: =IF(J92="","",(J92-AVERAGE(J6:J1198))/(STDEV(J6:J1198)+1E-12)) | L92: =IF('3a Raw'!H92="","",MAX(-3,MIN(3,('3a Raw'!H92-$L3)/$L4))) | M92: =IF(L92="","",(L92-AVERAGE(L6:L1198))/(STDEV(L6:L1198)+1E-12)) | N92: =IF('3a Raw'!I92="","",MAX(-3,MIN(3,('3a Raw'!I92-$N3)/$N4))) | O92: =IF(N92="","",(N92-AVERAGE(N6:N1198))/(STDEV(N6:N1198)+1E-12)) | P92: =IF('3a Raw'!J92="","",MAX(-3,MIN(3,('3a Raw'!J92-$P3)/$P4))) | Q92: =IF(P92="","",(P92-AVERAGE(P6:P1198))/(STDEV(P6:P1198)+1E-12)) | R92: =IF('3a Raw'!K92="","",MAX(-3,MIN(3,('3a Raw'!K92-$R3)/$R4))) | S92: =IF(R92="","",(R92-AVERAGE(R6:R1198))/(STDEV(R6:R1198)+1E-12)) | T92: =IF('3a Raw'!L92="","",MAX(-3,MIN(3,('3a Raw'!L92-$T3)/$T4))) | U92: =IF(T92="","",(T92-AVERAGE(T6:T1198))/(STDEV(T6:T1198)+1E-12)) | X92: =IF(U92="","",U92-($V$3*G92+$W$3)) | Y92: =IF(X92="","",MAX(-3,MIN(3,(X92-$X3)/$X4))) | Z92: =IF(Y92="","",(Y92-AVERAGE(Y6:Y1198))/(STDEV(Y6:Y1198)+1E-12))
A93: BBG000BC33T9 | B93: =IF('3a Raw'!C93="","",MAX(-3,MIN(3,('3a Raw'!C93-$B3)/$B4))) | C93: =IF(B93="","",(B93-AVERAGE(B6:B1198))/(STDEV(B6:B1198)+1E-12)) | D93: =IF('3a Raw'!D93="","",MAX(-3,MIN(3,('3a Raw'!D93-$D3)/$D4))) | E93: =IF(D93="","",(D93-AVERAGE(D6:D1198))/(STDEV(D6:D1198)+1E-12)) | F93: =IF('3a Raw'!E93="","",MAX(-3,MIN(3,('3a Raw'!E93-$F3)/$F4))) | G93: =IF(F93="","",(F93-AVERAGE(F6:F1198))/(STDEV(F6:F1198)+1E-12)) | H93: =IF('3a Raw'!F93="","",MAX(-3,MIN(3,('3a Raw'!F93-$H3)/$H4))) | I93: =IF(H93="","",(H93-AVERAGE(H6:H1198))/(STDEV(H6:H1198)+1E-12)) | J93: =IF('3a Raw'!G93="","",MAX(-3,MIN(3,('3a Raw'!G93-$J3)/$J4))) | K93: =IF(J93="","",(J93-AVERAGE(J6:J1198))/(STDEV(J6:J1198)+1E-12)) | L93: =IF('3a Raw'!H93="","",MAX(-3,MIN(3,('3a Raw'!H93-$L3)/$L4))) | M93: =IF(L93="","",(L93-AVERAGE(L6:L1198))/(STDEV(L6:L1198)+1E-12)) | N93: =IF('3a Raw'!I93="","",MAX(-3,MIN(3,('3a Raw'!I93-$N3)/$N4))) | O93: =IF(N93="","",(N93-AVERAGE(N6:N1198))/(STDEV(N6:N1198)+1E-12)) | P93: =IF('3a Raw'!J93="","",MAX(-3,MIN(3,('3a Raw'!J93-$P3)/$P4))) | Q93: =IF(P93="","",(P93-AVERAGE(P6:P1198))/(STDEV(P6:P1198)+1E-12)) | R93: =IF('3a Raw'!K93="","",MAX(-3,MIN(3,('3a Raw'!K93-$R3)/$R4))) | S93: =IF(R93="","",(R93-AVERAGE(R6:R1198))/(STDEV(R6:R1198)+1E-12)) | T93: =IF('3a Raw'!L93="","",MAX(-3,MIN(3,('3a Raw'!L93-$T3)/$T4))) | U93: =IF(T93="","",(T93-AVERAGE(T6:T1198))/(STDEV(T6:T1198)+1E-12)) | X93: =IF(U93="","",U93-($V$3*G93+$W$3)) | Y93: =IF(X93="","",MAX(-3,MIN(3,(X93-$X3)/$X4))) | Z93: =IF(Y93="","",(Y93-AVERAGE(Y6:Y1198))/(STDEV(Y6:Y1198)+1E-12))
A94: BBG0068KVV91 | B94: =IF('3a Raw'!C94="","",MAX(-3,MIN(3,('3a Raw'!C94-$B3)/$B4))) | C94: =IF(B94="","",(B94-AVERAGE(B6:B1198))/(STDEV(B6:B1198)+1E-12)) | D94: =IF('3a Raw'!D94="","",MAX(-3,MIN(3,('3a Raw'!D94-$D3)/$D4))) | E94: =IF(D94="","",(D94-AVERAGE(D6:D1198))/(STDEV(D6:D1198)+1E-12)) | F94: =IF('3a Raw'!E94="","",MAX(-3,MIN(3,('3a Raw'!E94-$F3)/$F4))) | G94: =IF(F94="","",(F94-AVERAGE(F6:F1198))/(STDEV(F6:F1198)+1E-12)) | H94: =IF('3a Raw'!F94="","",MAX(-3,MIN(3,('3a Raw'!F94-$H3)/$H4))) | I94: =IF(H94="","",(H94-AVERAGE(H6:H1198))/(STDEV(H6:H1198)+1E-12)) | J94: =IF('3a Raw'!G94="","",MAX(-3,MIN(3,('3a Raw'!G94-$J3)/$J4))) | K94: =IF(J94="","",(J94-AVERAGE(J6:J1198))/(STDEV(J6:J1198)+1E-12)) | L94: =IF('3a Raw'!H94="","",MAX(-3,MIN(3,('3a Raw'!H94-$L3)/$L4))) | M94: =IF(L94="","",(L94-AVERAGE(L6:L1198))/(STDEV(L6:L1198)+1E-12)) | N94: =IF('3a Raw'!I94="","",MAX(-3,MIN(3,('3a Raw'!I94-$N3)/$N4))) | O94: =IF(N94="","",(N94-AVERAGE(N6:N1198))/(STDEV(N6:N1198)+1E-12)) | P94: =IF('3a Raw'!J94="","",MAX(-3,MIN(3,('3a Raw'!J94-$P3)/$P4))) | Q94: =IF(P94="","",(P94-AVERAGE(P6:P1198))/(STDEV(P6:P1198)+1E-12)) | R94: =IF('3a Raw'!K94="","",MAX(-3,MIN(3,('3a Raw'!K94-$R3)/$R4))) | S94: =IF(R94="","",(R94-AVERAGE(R6:R1198))/(STDEV(R6:R1198)+1E-12)) | T94: =IF('3a Raw'!L94="","",MAX(-3,MIN(3,('3a Raw'!L94-$T3)/$T4))) | U94: =IF(T94="","",(T94-AVERAGE(T6:T1198))/(STDEV(T6:T1198)+1E-12)) | X94: =IF(U94="","",U94-($V$3*G94+$W$3)) | Y94: =IF(X94="","",MAX(-3,MIN(3,(X94-$X3)/$X4))) | Z94: =IF(Y94="","",(Y94-AVERAGE(Y6:Y1198))/(STDEV(Y6:Y1198)+1E-12))
A95: BBG00GHB88X9 | B95: =IF('3a Raw'!C95="","",MAX(-3,MIN(3,('3a Raw'!C95-$B3)/$B4))) | C95: =IF(B95="","",(B95-AVERAGE(B6:B1198))/(STDEV(B6:B1198)+1E-12)) | D95: =IF('3a Raw'!D95="","",MAX(-3,MIN(3,('3a Raw'!D95-$D3)/$D4))) | E95: =IF(D95="","",(D95-AVERAGE(D6:D1198))/(STDEV(D6:D1198)+1E-12)) | F95: =IF('3a Raw'!E95="","",MAX(-3,MIN(3,('3a Raw'!E95-$F3)/$F4))) | G95: =IF(F95="","",(F95-AVERAGE(F6:F1198))/(STDEV(F6:F1198)+1E-12)) | H95: =IF('3a Raw'!F95="","",MAX(-3,MIN(3,('3a Raw'!F95-$H3)/$H4))) | I95: =IF(H95="","",(H95-AVERAGE(H6:H1198))/(STDEV(H6:H1198)+1E-12)) | J95: =IF('3a Raw'!G95="","",MAX(-3,MIN(3,('3a Raw'!G95-$J3)/$J4))) | K95: =IF(J95="","",(J95-AVERAGE(J6:J1198))/(STDEV(J6:J1198)+1E-12)) | L95: =IF('3a Raw'!H95="","",MAX(-3,MIN(3,('3a Raw'!H95-$L3)/$L4))) | M95: =IF(L95="","",(L95-AVERAGE(L6:L1198))/(STDEV(L6:L1198)+1E-12)) | N95: =IF('3a Raw'!I95="","",MAX(-3,MIN(3,('3a Raw'!I95-$N3)/$N4))) | O95: =IF(N95="","",(N95-AVERAGE(N6:N1198))/(STDEV(N6:N1198)+1E-12)) | P95: =IF('3a Raw'!J95="","",MAX(-3,MIN(3,('3a Raw'!J95-$P3)/$P4))) | Q95: =IF(P95="","",(P95-AVERAGE(P6:P1198))/(STDEV(P6:P1198)+1E-12)) | R95: =IF('3a Raw'!K95="","",MAX(-3,MIN(3,('3a Raw'!K95-$R3)/$R4))) | S95: =IF(R95="","",(R95-AVERAGE(R6:R1198))/(STDEV(R6:R1198)+1E-12)) | T95: =IF('3a Raw'!L95="","",MAX(-3,MIN(3,('3a Raw'!L95-$T3)/$T4))) | U95: =IF(T95="","",(T95-AVERAGE(T6:T1198))/(STDEV(T6:T1198)+1E-12)) | X95: =IF(U95="","",U95-($V$3*G95+$W$3)) | Y95: =IF(X95="","",MAX(-3,MIN(3,(X95-$X3)/$X4))) | Z95: =IF(Y95="","",(Y95-AVERAGE(Y6:Y1198))/(STDEV(Y6:Y1198)+1E-12))
A96: BBG01J1GXZF0 | B96: =IF('3a Raw'!C96="","",MAX(-3,MIN(3,('3a Raw'!C96-$B3)/$B4))) | C96: =IF(B96="","",(B96-AVERAGE(B6:B1198))/(STDEV(B6:B1198)+1E-12)) | D96: =IF('3a Raw'!D96="","",MAX(-3,MIN(3,('3a Raw'!D96-$D3)/$D4))) | E96: =IF(D96="","",(D96-AVERAGE(D6:D1198))/(STDEV(D6:D1198)+1E-12)) | F96: =IF('3a Raw'!E96="","",MAX(-3,MIN(3,('3a Raw'!E96-$F3)/$F4))) | G96: =IF(F96="","",(F96-AVERAGE(F6:F1198))/(STDEV(F6:F1198)+1E-12)) | H96: =IF('3a Raw'!F96="","",MAX(-3,MIN(3,('3a Raw'!F96-$H3)/$H4))) | I96: =IF(H96="","",(H96-AVERAGE(H6:H1198))/(STDEV(H6:H1198)+1E-12)) | J96: =IF('3a Raw'!G96="","",MAX(-3,MIN(3,('3a Raw'!G96-$J3)/$J4))) | K96: =IF(J96="","",(J96-AVERAGE(J6:J1198))/(STDEV(J6:J1198)+1E-12)) | L96: =IF('3a Raw'!H96="","",MAX(-3,MIN(3,('3a Raw'!H96-$L3)/$L4))) | M96: =IF(L96="","",(L96-AVERAGE(L6:L1198))/(STDEV(L6:L1198)+1E-12)) | N96: =IF('3a Raw'!I96="","",MAX(-3,MIN(3,('3a Raw'!I96-$N3)/$N4))) | O96: =IF(N96="","",(N96-AVERAGE(N6:N1198))/(STDEV(N6:N1198)+1E-12)) | P96: =IF('3a Raw'!J96="","",MAX(-3,MIN(3,('3a Raw'!J96-$P3)/$P4))) | Q96: =IF(P96="","",(P96-AVERAGE(P6:P1198))/(STDEV(P6:P1198)+1E-12)) | R96: =IF('3a Raw'!K96="","",MAX(-3,MIN(3,('3a Raw'!K96-$R3)/$R4))) | S96: =IF(R96="","",(R96-AVERAGE(R6:R1198))/(STDEV(R6:R1198)+1E-12)) | T96: =IF('3a Raw'!L96="","",MAX(-3,MIN(3,('3a Raw'!L96-$T3)/$T4))) | U96: =IF(T96="","",(T96-AVERAGE(T6:T1198))/(STDEV(T6:T1198)+1E-12)) | X96: =IF(U96="","",U96-($V$3*G96+$W$3)) | Y96: =IF(X96="","",MAX(-3,MIN(3,(X96-$X3)/$X4))) | Z96: =IF(Y96="","",(Y96-AVERAGE(Y6:Y1198))/(STDEV(Y6:Y1198)+1E-12))
A97: BBG001KY4N87 | B97: =IF('3a Raw'!C97="","",MAX(-3,MIN(3,('3a Raw'!C97-$B3)/$B4))) | C97: =IF(B97="","",(B97-AVERAGE(B6:B1198))/(STDEV(B6:B1198)+1E-12)) | D97: =IF('3a Raw'!D97="","",MAX(-3,MIN(3,('3a Raw'!D97-$D3)/$D4))) | E97: =IF(D97="","",(D97-AVERAGE(D6:D1198))/(STDEV(D6:D1198)+1E-12)) | F97: =IF('3a Raw'!E97="","",MAX(-3,MIN(3,('3a Raw'!E97-$F3)/$F4))) | G97: =IF(F97="","",(F97-AVERAGE(F6:F1198))/(STDEV(F6:F1198)+1E-12)) | H97: =IF('3a Raw'!F97="","",MAX(-3,MIN(3,('3a Raw'!F97-$H3)/$H4))) | I97: =IF(H97="","",(H97-AVERAGE(H6:H1198))/(STDEV(H6:H1198)+1E-12)) | J97: =IF('3a Raw'!G97="","",MAX(-3,MIN(3,('3a Raw'!G97-$J3)/$J4))) | K97: =IF(J97="","",(J97-AVERAGE(J6:J1198))/(STDEV(J6:J1198)+1E-12)) | L97: =IF('3a Raw'!H97="","",MAX(-3,MIN(3,('3a Raw'!H97-$L3)/$L4))) | M97: =IF(L97="","",(L97-AVERAGE(L6:L1198))/(STDEV(L6:L1198)+1E-12)) | N97: =IF('3a Raw'!I97="","",MAX(-3,MIN(3,('3a Raw'!I97-$N3)/$N4))) | O97: =IF(N97="","",(N97-AVERAGE(N6:N1198))/(STDEV(N6:N1198)+1E-12)) | P97: =IF('3a Raw'!J97="","",MAX(-3,MIN(3,('3a Raw'!J97-$P3)/$P4))) | Q97: =IF(P97="","",(P97-AVERAGE(P6:P1198))/(STDEV(P6:P1198)+1E-12)) | R97: =IF('3a Raw'!K97="","",MAX(-3,MIN(3,('3a Raw'!K97-$R3)/$R4))) | S97: =IF(R97="","",(R97-AVERAGE(R6:R1198))/(STDEV(R6:R1198)+1E-12)) | T97: =IF('3a Raw'!L97="","",MAX(-3,MIN(3,('3a Raw'!L97-$T3)/$T4))) | U97: =IF(T97="","",(T97-AVERAGE(T6:T1198))/(STDEV(T6:T1198)+1E-12)) | X97: =IF(U97="","",U97-($V$3*G97+$W$3)) | Y97: =IF(X97="","",MAX(-3,MIN(3,(X97-$X3)/$X4))) | Z97: =IF(Y97="","",(Y97-AVERAGE(Y6:Y1198))/(STDEV(Y6:Y1198)+1E-12))
A98: BBG001V4SF46 | B98: =IF('3a Raw'!C98="","",MAX(-3,MIN(3,('3a Raw'!C98-$B3)/$B4))) | C98: =IF(B98="","",(B98-AVERAGE(B6:B1198))/(STDEV(B6:B1198)+1E-12)) | D98: =IF('3a Raw'!D98="","",MAX(-3,MIN(3,('3a Raw'!D98-$D3)/$D4))) | E98: =IF(D98="","",(D98-AVERAGE(D6:D1198))/(STDEV(D6:D1198)+1E-12)) | F98: =IF('3a Raw'!E98="","",MAX(-3,MIN(3,('3a Raw'!E98-$F3)/$F4))) | G98: =IF(F98="","",(F98-AVERAGE(F6:F1198))/(STDEV(F6:F1198)+1E-12)) | H98: =IF('3a Raw'!F98="","",MAX(-3,MIN(3,('3a Raw'!F98-$H3)/$H4))) | I98: =IF(H98="","",(H98-AVERAGE(H6:H1198))/(STDEV(H6:H1198)+1E-12)) | J98: =IF('3a Raw'!G98="","",MAX(-3,MIN(3,('3a Raw'!G98-$J3)/$J4))) | K98: =IF(J98="","",(J98-AVERAGE(J6:J1198))/(STDEV(J6:J1198)+1E-12)) | L98: =IF('3a Raw'!H98="","",MAX(-3,MIN(3,('3a Raw'!H98-$L3)/$L4))) | M98: =IF(L98="","",(L98-AVERAGE(L6:L1198))/(STDEV(L6:L1198)+1E-12)) | N98: =IF('3a Raw'!I98="","",MAX(-3,MIN(3,('3a Raw'!I98-$N3)/$N4))) | O98: =IF(N98="","",(N98-AVERAGE(N6:N1198))/(STDEV(N6:N1198)+1E-12)) | P98: =IF('3a Raw'!J98="","",MAX(-3,MIN(3,('3a Raw'!J98-$P3)/$P4))) | Q98: =IF(P98="","",(P98-AVERAGE(P6:P1198))/(STDEV(P6:P1198)+1E-12)) | R98: =IF('3a Raw'!K98="","",MAX(-3,MIN(3,('3a Raw'!K98-$R3)/$R4))) | S98: =IF(R98="","",(R98-AVERAGE(R6:R1198))/(STDEV(R6:R1198)+1E-12)) | T98: =IF('3a Raw'!L98="","",MAX(-3,MIN(3,('3a Raw'!L98-$T3)/$T4))) | U98: =IF(T98="","",(T98-AVERAGE(T6:T1198))/(STDEV(T6:T1198)+1E-12)) | X98: =IF(U98="","",U98-($V$3*G98+$W$3)) | Y98: =IF(X98="","",MAX(-3,MIN(3,(X98-$X3)/$X4))) | Z98: =IF(Y98="","",(Y98-AVERAGE(Y6:Y1198))/(STDEV(Y6:Y1198)+1E-12))
A99: BBG000BCFQC3 | B99: =IF('3a Raw'!C99="","",MAX(-3,MIN(3,('3a Raw'!C99-$B3)/$B4))) | C99: =IF(B99="","",(B99-AVERAGE(B6:B1198))/(STDEV(B6:B1198)+1E-12)) | D99: =IF('3a Raw'!D99="","",MAX(-3,MIN(3,('3a Raw'!D99-$D3)/$D4))) | E99: =IF(D99="","",(D99-AVERAGE(D6:D1198))/(STDEV(D6:D1198)+1E-12)) | F99: =IF('3a Raw'!E99="","",MAX(-3,MIN(3,('3a Raw'!E99-$F3)/$F4))) | G99: =IF(F99="","",(F99-AVERAGE(F6:F1198))/(STDEV(F6:F1198)+1E-12)) | H99: =IF('3a Raw'!F99="","",MAX(-3,MIN(3,('3a Raw'!F99-$H3)/$H4))) | I99: =IF(H99="","",(H99-AVERAGE(H6:H1198))/(STDEV(H6:H1198)+1E-12)) | J99: =IF('3a Raw'!G99="","",MAX(-3,MIN(3,('3a Raw'!G99-$J3)/$J4))) | K99: =IF(J99="","",(J99-AVERAGE(J6:J1198))/(STDEV(J6:J1198)+1E-12)) | L99: =IF('3a Raw'!H99="","",MAX(-3,MIN(3,('3a Raw'!H99-$L3)/$L4))) | M99: =IF(L99="","",(L99-AVERAGE(L6:L1198))/(STDEV(L6:L1198)+1E-12)) | N99: =IF('3a Raw'!I99="","",MAX(-3,MIN(3,('3a Raw'!I99-$N3)/$N4))) | O99: =IF(N99="","",(N99-AVERAGE(N6:N1198))/(STDEV(N6:N1198)+1E-12)) | P99: =IF('3a Raw'!J99="","",MAX(-3,MIN(3,('3a Raw'!J99-$P3)/$P4))) | Q99: =IF(P99="","",(P99-AVERAGE(P6:P1198))/(STDEV(P6:P1198)+1E-12)) | R99: =IF('3a Raw'!K99="","",MAX(-3,MIN(3,('3a Raw'!K99-$R3)/$R4))) | S99: =IF(R99="","",(R99-AVERAGE(R6:R1198))/(STDEV(R6:R1198)+1E-12)) | T99: =IF('3a Raw'!L99="","",MAX(-3,MIN(3,('3a Raw'!L99-$T3)/$T4))) | U99: =IF(T99="","",(T99-AVERAGE(T6:T1198))/(STDEV(T6:T1198)+1E-12)) | X99: =IF(U99="","",U99-($V$3*G99+$W$3)) | Y99: =IF(X99="","",MAX(-3,MIN(3,(X99-$X3)/$X4))) | Z99: =IF(Y99="","",(Y99-AVERAGE(Y6:Y1198))/(STDEV(Y6:Y1198)+1E-12))
A100: BBG00D0Y81M1 | B100: =IF('3a Raw'!C100="","",MAX(-3,MIN(3,('3a Raw'!C100-$B3)/$B4))) | C100: =IF(B100="","",(B100-AVERAGE(B6:B1198))/(STDEV(B6:B1198)+1E-12)) | D100: =IF('3a Raw'!D100="","",MAX(-3,MIN(3,('3a Raw'!D100-$D3)/$D4))) | E100: =IF(D100="","",(D100-AVERAGE(D6:D1198))/(STDEV(D6:D1198)+1E-12)) | F100: =IF('3a Raw'!E100="","",MAX(-3,MIN(3,('3a Raw'!E100-$F3)/$F4))) | G100: =IF(F100="","",(F100-AVERAGE(F6:F1198))/(STDEV(F6:F1198)+1E-12)) | H100: =IF('3a Raw'!F100="","",MAX(-3,MIN(3,('3a Raw'!F100-$H3)/$H4))) | I100: =IF(H100="","",(H100-AVERAGE(H6:H1198))/(STDEV(H6:H1198)+1E-12)) | J100: =IF('3a Raw'!G100="","",MAX(-3,MIN(3,('3a Raw'!G100-$J3)/$J4))) | K100: =IF(J100="","",(J100-AVERAGE(J6:J1198))/(STDEV(J6:J1198)+1E-12)) | L100: =IF('3a Raw'!H100="","",MAX(-3,MIN(3,('3a Raw'!H100-$L3)/$L4))) | M100: =IF(L100="","",(L100-AVERAGE(L6:L1198))/(STDEV(L6:L1198)+1E-12)) | N100: =IF('3a Raw'!I100="","",MAX(-3,MIN(3,('3a Raw'!I100-$N3)/$N4))) | O100: =IF(N100="","",(N100-AVERAGE(N6:N1198))/(STDEV(N6:N1198)+1E-12)) | P100: =IF('3a Raw'!J100="","",MAX(-3,MIN(3,('3a Raw'!J100-$P3)/$P4))) | Q100: =IF(P100="","",(P100-AVERAGE(P6:P1198))/(STDEV(P6:P1198)+1E-12)) | R100: =IF('3a Raw'!K100="","",MAX(-3,MIN(3,('3a Raw'!K100-$R3)/$R4))) | S100: =IF(R100="","",(R100-AVERAGE(R6:R1198))/(STDEV(R6:R1198)+1E-12)) | T100: =IF('3a Raw'!L100="","",MAX(-3,MIN(3,('3a Raw'!L100-$T3)/$T4))) | U100: =IF(T100="","",(T100-AVERAGE(T6:T1198))/(STDEV(T6:T1198)+1E-12)) | X100: =IF(U100="","",U100-($V$3*G100+$W$3)) | Y100: =IF(X100="","",MAX(-3,MIN(3,(X100-$X3)/$X4))) | Z100: =IF(Y100="","",(Y100-AVERAGE(Y6:Y1198))/(STDEV(Y6:Y1198)+1E-12))
...

Sheet 3e Regression
A1: §3e · Daily WLS of stock returns on the month-M loadings — factor returns + residual
A2: Regression day d (first trading day after M) | B2: 45628
A3: Population: 969 names with ≥6/10 loadings, factor screen std>0.05, return on d, Size present. Weight W = exp(0.25·zSize). Intercept column = Market factor.
A4: LINEST(y·W, [W, loadings·W], FALSE) — const FALSE because the Market intercept is an explicit W column; coefficients come back in REVERSE column order (read right→left).
A6: Position | B6: Ticker | C6: y = ret(d) | D6: W | E6: L:Beta | F6: L:Momentum | G6: L:Size | H6: L:Value | I6: L:Growth | J6: L:Leverage | K6: L:Liquidity | L6: L:ResidVol | M6: L:EarnYield | N6: L:NonLinSize | O6: Market·W | P6: Beta·W | Q6: Momentum·W | R6: Size·W | S6: Value·W | T6: Growth·W | U6: Leverage·W | V6: Liquidity·W | W6: ResidVol·W | X6: EarnYield·W | Y6: NonLinSize·W | Z6: y·W | AA6: fit ŷ | AB6: resid u | AC6: u²
A7: BBG000C2V3D6 | B7: a | C7: 0.011669045 | D7: =EXP(0.25*'3b-d Exposures'!G6) | E7: =IF('3b-d Exposures'!C6="",0,'3b-d Exposures'!C6) | F7: =IF('3b-d Exposures'!E6="",0,'3b-d Exposures'!E6) | G7: =IF('3b-d Exposures'!G6="",0,'3b-d Exposures'!G6) | H7: =IF('3b-d Exposures'!I6="",0,'3b-d Exposures'!I6) | I7: =IF('3b-d Exposures'!K6="",0,'3b-d Exposures'!K6) | J7: =IF('3b-d Exposures'!M6="",0,'3b-d Exposures'!M6) | K7: =IF('3b-d Exposures'!O6="",0,'3b-d Exposures'!O6) | L7: =IF('3b-d Exposures'!Q6="",0,'3b-d Exposures'!Q6) | M7: =IF('3b-d Exposures'!S6="",0,'3b-d Exposures'!S6) | N7: =IF('3b-d Exposures'!Z6="",0,'3b-d Exposures'!Z6) | O7: =$D7 | P7: =E7*$D7 | Q7: =F7*$D7 | R7: =G7*$D7 | S7: =H7*$D7 | T7: =I7*$D7 | U7: =J7*$D7 | V7: =K7*$D7 | W7: =L7*$D7 | ... Y7: =N7*$D7 | Z7: =C7*$D7 | AA7: =$L978+$K978*E7+$J978*F7+$I978*G7+$H978*H7+$G978*I7+$F978*J7+$E978*K7+$D978*L7+$C978*M7+$B978*N7 | AB7: =C7-AA7 | AC7: =AB7^2
A8: BBG00B3T3HD3 | B8: aa | C8: -0.015722599 | D8: =EXP(0.25*'3b-d Exposures'!G7) | E8: =IF('3b-d Exposures'!C7="",0,'3b-d Exposures'!C7) | F8: =IF('3b-d Exposures'!E7="",0,'3b-d Exposures'!E7) | G8: =IF('3b-d Exposures'!G7="",0,'3b-d Exposures'!G7) | H8: =IF('3b-d Exposures'!I7="",0,'3b-d Exposures'!I7) | I8: =IF('3b-d Exposures'!K7="",0,'3b-d Exposures'!K7) | J8: =IF('3b-d Exposures'!M7="",0,'3b-d Exposures'!M7) | K8: =IF('3b-d Exposures'!O7="",0,'3b-d Exposures'!O7) | L8: =IF('3b-d Exposures'!Q7="",0,'3b-d Exposures'!Q7) | M8: =IF('3b-d Exposures'!S7="",0,'3b-d Exposures'!S7) | N8: =IF('3b-d Exposures'!Z7="",0,'3b-d Exposures'!Z7) | O8: =$D8 | P8: =E8*$D8 | Q8: =F8*$D8 | R8: =G8*$D8 | S8: =H8*$D8 | T8: =I8*$D8 | U8: =J8*$D8 | V8: =K8*$D8 | W8: =L8*$D8 | ... Y8: =N8*$D8 | Z8: =C8*$D8 | AA8: =$L978+$K978*E8+$J978*F8+$I978*G8+$H978*H8+$G978*I8+$F978*J8+$E978*K8+$D978*L8+$C978*M8+$B978*N8 | AB8: =C8-AA8 | AC8: =AB8^2
A9: BBG005P7Q881 | B9: aal | C9: 0.0061982917 | D9: =EXP(0.25*'3b-d Exposures'!G8) | E9: =IF('3b-d Exposures'!C8="",0,'3b-d Exposures'!C8) | F9: =IF('3b-d Exposures'!E8="",0,'3b-d Exposures'!E8) | G9: =IF('3b-d Exposures'!G8="",0,'3b-d Exposures'!G8) | H9: =IF('3b-d Exposures'!I8="",0,'3b-d Exposures'!I8) | I9: =IF('3b-d Exposures'!K8="",0,'3b-d Exposures'!K8) | J9: =IF('3b-d Exposures'!M8="",0,'3b-d Exposures'!M8) | K9: =IF('3b-d Exposures'!O8="",0,'3b-d Exposures'!O8) | L9: =IF('3b-d Exposures'!Q8="",0,'3b-d Exposures'!Q8) | M9: =IF('3b-d Exposures'!S8="",0,'3b-d Exposures'!S8) | N9: =IF('3b-d Exposures'!Z8="",0,'3b-d Exposures'!Z8) | O9: =$D9 | P9: =E9*$D9 | Q9: =F9*$D9 | R9: =G9*$D9 | S9: =H9*$D9 | T9: =I9*$D9 | U9: =J9*$D9 | V9: =K9*$D9 | W9: =L9*$D9 | ... Y9: =N9*$D9 | Z9: =C9*$D9 | AA9: =$L978+$K978*E9+$J978*F9+$I978*G9+$H978*H9+$G978*I9+$F978*J9+$E978*K9+$D978*L9+$C978*M9+$B978*N9 | AB9: =C9-AA9 | AC9: =AB9^2
A10: BBG000D6VW15 | B10: aaoi | C10: -0.011644821 | D10: =EXP(0.25*'3b-d Exposures'!G10) | E10: =IF('3b-d Exposures'!C10="",0,'3b-d Exposures'!C10) | F10: =IF('3b-d Exposures'!E10="",0,'3b-d Exposures'!E10) | G10: =IF('3b-d Exposures'!G10="",0,'3b-d Exposures'!G10) | H10: =IF('3b-d Exposures'!I10="",0,'3b-d Exposures'!I10) | I10: =IF('3b-d Exposures'!K10="",0,'3b-d Exposures'!K10) | J10: =IF('3b-d Exposures'!M10="",0,'3b-d Exposures'!M10) | K10: =IF('3b-d Exposures'!O10="",0,'3b-d Exposures'!O10) | L10: =IF('3b-d Exposures'!Q10="",0,'3b-d Exposures'!Q10) | M10: =IF('3b-d Exposures'!S10="",0,'3b-d Exposures'!S10) | N10: =IF('3b-d Exposures'!Z10="",0,'3b-d Exposures'!Z10) | O10: =$D10 | P10: =E10*$D10 | Q10: =F10*$D10 | R10: =G10*$D10 | S10: =H10*$D10 | T10: =I10*$D10 | U10: =J10*$D10 | V10: =K10*$D10 | W10: =L10*$D10 | ... Y10: =N10*$D10 | Z10: =C10*$D10 | AA10: =$L978+$K978*E10+$J978*F10+$I978*G10+$H978*H10+$G978*I10+$F978*J10+$E978*K10+$D978*L10+$C978*M10+$B978*N10 | AB10: =C10-AA10 | AC10: =AB10^2
A11: BBG000F7RCJ1 | B11: aap | C11: 0.03022988 | D11: =EXP(0.25*'3b-d Exposures'!G11) | E11: =IF('3b-d Exposures'!C11="",0,'3b-d Exposures'!C11) | F11: =IF('3b-d Exposures'!E11="",0,'3b-d Exposures'!E11) | G11: =IF('3b-d Exposures'!G11="",0,'3b-d Exposures'!G11) | H11: =IF('3b-d Exposures'!I11="",0,'3b-d Exposures'!I11) | I11: =IF('3b-d Exposures'!K11="",0,'3b-d Exposures'!K11) | J11: =IF('3b-d Exposures'!M11="",0,'3b-d Exposures'!M11) | K11: =IF('3b-d Exposures'!O11="",0,'3b-d Exposures'!O11) | L11: =IF('3b-d Exposures'!Q11="",0,'3b-d Exposures'!Q11) | M11: =IF('3b-d Exposures'!S11="",0,'3b-d Exposures'!S11) | N11: =IF('3b-d Exposures'!Z11="",0,'3b-d Exposures'!Z11) | O11: =$D11 | P11: =E11*$D11 | Q11: =F11*$D11 | R11: =G11*$D11 | S11: =H11*$D11 | T11: =I11*$D11 | U11: =J11*$D11 | V11: =K11*$D11 | W11: =L11*$D11 | ... Y11: =N11*$D11 | Z11: =C11*$D11 | AA11: =$L978+$K978*E11+$J978*F11+$I978*G11+$H978*H11+$G978*I11+$F978*J11+$E978*K11+$D978*L11+$C978*M11+$B978*N11 | AB11: =C11-AA11 | AC11: =AB11^2
A12: BBG000B9XRY4 | B12: aapl | C12: 0.0095225358 | D12: =EXP(0.25*'3b-d Exposures'!G12) | E12: =IF('3b-d Exposures'!C12="",0,'3b-d Exposures'!C12) | F12: =IF('3b-d Exposures'!E12="",0,'3b-d Exposures'!E12) | G12: =IF('3b-d Exposures'!G12="",0,'3b-d Exposures'!G12) | H12: =IF('3b-d Exposures'!I12="",0,'3b-d Exposures'!I12) | I12: =IF('3b-d Exposures'!K12="",0,'3b-d Exposures'!K12) | J12: =IF('3b-d Exposures'!M12="",0,'3b-d Exposures'!M12) | K12: =IF('3b-d Exposures'!O12="",0,'3b-d Exposures'!O12) | L12: =IF('3b-d Exposures'!Q12="",0,'3b-d Exposures'!Q12) | M12: =IF('3b-d Exposures'!S12="",0,'3b-d Exposures'!S12) | N12: =IF('3b-d Exposures'!Z12="",0,'3b-d Exposures'!Z12) | O12: =$D12 | P12: =E12*$D12 | Q12: =F12*$D12 | R12: =G12*$D12 | S12: =H12*$D12 | T12: =I12*$D12 | U12: =J12*$D12 | V12: =K12*$D12 | W12: =L12*$D12 | ... Y12: =N12*$D12 | Z12: =C12*$D12 | AA12: =$L978+$K978*E12+$J978*F12+$I978*G12+$H978*H12+$G978*I12+$F978*J12+$E978*K12+$D978*L12+$C978*M12+$B978*N12 | AB12: =C12-AA12 | AC12: =AB12^2
A13: BBG0025Y4RY4 | B13: abbv | C13: -0.0063411707 | D13: =EXP(0.25*'3b-d Exposures'!G13) | E13: =IF('3b-d Exposures'!C13="",0,'3b-d Exposures'!C13) | F13: =IF('3b-d Exposures'!E13="",0,'3b-d Exposures'!E13) | G13: =IF('3b-d Exposures'!G13="",0,'3b-d Exposures'!G13) | H13: =IF('3b-d Exposures'!I13="",0,'3b-d Exposures'!I13) | I13: =IF('3b-d Exposures'!K13="",0,'3b-d Exposures'!K13) | J13: =IF('3b-d Exposures'!M13="",0,'3b-d Exposures'!M13) | K13: =IF('3b-d Exposures'!O13="",0,'3b-d Exposures'!O13) | L13: =IF('3b-d Exposures'!Q13="",0,'3b-d Exposures'!Q13) | M13: =IF('3b-d Exposures'!S13="",0,'3b-d Exposures'!S13) | N13: =IF('3b-d Exposures'!Z13="",0,'3b-d Exposures'!Z13) | O13: =$D13 | P13: =E13*$D13 | Q13: =F13*$D13 | R13: =G13*$D13 | S13: =H13*$D13 | T13: =I13*$D13 | U13: =J13*$D13 | V13: =K13*$D13 | W13: =L13*$D13 | ... Y13: =N13*$D13 | Z13: =C13*$D13 | AA13: =$L978+$K978*E13+$J978*F13+$I978*G13+$H978*H13+$G978*I13+$F978*J13+$E978*K13+$D978*L13+$C978*M13+$B978*N13 | AB13: =C13-AA13 | AC13: =AB13^2
A14: BBG000KMVDV1 | B14: abr | C14: -0.0081799809 | D14: =EXP(0.25*'3b-d Exposures'!G15) | E14: =IF('3b-d Exposures'!C15="",0,'3b-d Exposures'!C15) | F14: =IF('3b-d Exposures'!E15="",0,'3b-d Exposures'!E15) | G14: =IF('3b-d Exposures'!G15="",0,'3b-d Exposures'!G15) | H14: =IF('3b-d Exposures'!I15="",0,'3b-d Exposures'!I15) | I14: =IF('3b-d Exposures'!K15="",0,'3b-d Exposures'!K15) | J14: =IF('3b-d Exposures'!M15="",0,'3b-d Exposures'!M15) | K14: =IF('3b-d Exposures'!O15="",0,'3b-d Exposures'!O15) | L14: =IF('3b-d Exposures'!Q15="",0,'3b-d Exposures'!Q15) | M14: =IF('3b-d Exposures'!S15="",0,'3b-d Exposures'!S15) | N14: =IF('3b-d Exposures'!Z15="",0,'3b-d Exposures'!Z15) | O14: =$D14 | P14: =E14*$D14 | Q14: =F14*$D14 | R14: =G14*$D14 | S14: =H14*$D14 | T14: =I14*$D14 | U14: =J14*$D14 | V14: =K14*$D14 | W14: =L14*$D14 | ... Y14: =N14*$D14 | Z14: =C14*$D14 | AA14: =$L978+$K978*E14+$J978*F14+$I978*G14+$H978*H14+$G978*I14+$F978*J14+$E978*K14+$D978*L14+$C978*M14+$B978*N14 | AB14: =C14-AA14 | AC14: =AB14^2
A15: BBG000B9ZXB4 | B15: abt | C15: -0.016502542 | D15: =EXP(0.25*'3b-d Exposures'!G16) | E15: =IF('3b-d Exposures'!C16="",0,'3b-d Exposures'!C16) | F15: =IF('3b-d Exposures'!E16="",0,'3b-d Exposures'!E16) | G15: =IF('3b-d Exposures'!G16="",0,'3b-d Exposures'!G16) | H15: =IF('3b-d Exposures'!I16="",0,'3b-d Exposures'!I16) | I15: =IF('3b-d Exposures'!K16="",0,'3b-d Exposures'!K16) | J15: =IF('3b-d Exposures'!M16="",0,'3b-d Exposures'!M16) | K15: =IF('3b-d Exposures'!O16="",0,'3b-d Exposures'!O16) | L15: =IF('3b-d Exposures'!Q16="",0,'3b-d Exposures'!Q16) | M15: =IF('3b-d Exposures'!S16="",0,'3b-d Exposures'!S16) | N15: =IF('3b-d Exposures'!Z16="",0,'3b-d Exposures'!Z16) | O15: =$D15 | P15: =E15*$D15 | Q15: =F15*$D15 | R15: =G15*$D15 | S15: =H15*$D15 | T15: =I15*$D15 | U15: =J15*$D15 | V15: =K15*$D15 | W15: =L15*$D15 | ... Y15: =N15*$D15 | Z15: =C15*$D15 | AA15: =$L978+$K978*E15+$J978*F15+$I978*G15+$H978*H15+$G978*I15+$F978*J15+$E978*K15+$D978*L15+$C978*M15+$B978*N15 | AB15: =C15-AA15 | AC15: =AB15^2
A16: BBG000BHG9K0 | B16: acad | C16: 0.017769664 | D16: =EXP(0.25*'3b-d Exposures'!G18) | E16: =IF('3b-d Exposures'!C18="",0,'3b-d Exposures'!C18) | F16: =IF('3b-d Exposures'!E18="",0,'3b-d Exposures'!E18) | G16: =IF('3b-d Exposures'!G18="",0,'3b-d Exposures'!G18) | H16: =IF('3b-d Exposures'!I18="",0,'3b-d Exposures'!I18) | I16: =IF('3b-d Exposures'!K18="",0,'3b-d Exposures'!K18) | J16: =IF('3b-d Exposures'!M18="",0,'3b-d Exposures'!M18) | K16: =IF('3b-d Exposures'!O18="",0,'3b-d Exposures'!O18) | L16: =IF('3b-d Exposures'!Q18="",0,'3b-d Exposures'!Q18) | M16: =IF('3b-d Exposures'!S18="",0,'3b-d Exposures'!S18) | N16: =IF('3b-d Exposures'!Z18="",0,'3b-d Exposures'!Z18) | O16: =$D16 | P16: =E16*$D16 | Q16: =F16*$D16 | R16: =G16*$D16 | S16: =H16*$D16 | T16: =I16*$D16 | U16: =J16*$D16 | V16: =K16*$D16 | W16: =L16*$D16 | ... Y16: =N16*$D16 | Z16: =C16*$D16 | AA16: =$L978+$K978*E16+$J978*F16+$I978*G16+$H978*H16+$G978*I16+$F978*J16+$E978*K16+$D978*L16+$C978*M16+$B978*N16 | AB16: =C16-AA16 | AC16: =AB16^2
A17: acgl | B17: acgl | C17: -0.014098473 | D17: =EXP(0.25*'3b-d Exposures'!G19) | E17: =IF('3b-d Exposures'!C19="",0,'3b-d Exposures'!C19) | F17: =IF('3b-d Exposures'!E19="",0,'3b-d Exposures'!E19) | G17: =IF('3b-d Exposures'!G19="",0,'3b-d Exposures'!G19) | H17: =IF('3b-d Exposures'!I19="",0,'3b-d Exposures'!I19) | I17: =IF('3b-d Exposures'!K19="",0,'3b-d Exposures'!K19) | J17: =IF('3b-d Exposures'!M19="",0,'3b-d Exposures'!M19) | K17: =IF('3b-d Exposures'!O19="",0,'3b-d Exposures'!O19) | L17: =IF('3b-d Exposures'!Q19="",0,'3b-d Exposures'!Q19) | M17: =IF('3b-d Exposures'!S19="",0,'3b-d Exposures'!S19) | N17: =IF('3b-d Exposures'!Z19="",0,'3b-d Exposures'!Z19) | O17: =$D17 | P17: =E17*$D17 | Q17: =F17*$D17 | R17: =G17*$D17 | S17: =H17*$D17 | T17: =I17*$D17 | U17: =J17*$D17 | V17: =K17*$D17 | W17: =L17*$D17 | ... Y17: =N17*$D17 | Z17: =C17*$D17 | AA17: =$L978+$K978*E17+$J978*F17+$I978*G17+$H978*H17+$G978*I17+$F978*J17+$E978*K17+$D978*L17+$C978*M17+$B978*N17 | AB17: =C17-AA17 | AC17: =AB17^2
A18: BBG000FPNN38 | B18: achc | C18: 0.046517335 | D18: =EXP(0.25*'3b-d Exposures'!G20) | E18: =IF('3b-d Exposures'!C20="",0,'3b-d Exposures'!C20) | F18: =IF('3b-d Exposures'!E20="",0,'3b-d Exposures'!E20) | G18: =IF('3b-d Exposures'!G20="",0,'3b-d Exposures'!G20) | H18: =IF('3b-d Exposures'!I20="",0,'3b-d Exposures'!I20) | I18: =IF('3b-d Exposures'!K20="",0,'3b-d Exposures'!K20) | J18: =IF('3b-d Exposures'!M20="",0,'3b-d Exposures'!M20) | K18: =IF('3b-d Exposures'!O20="",0,'3b-d Exposures'!O20) | L18: =IF('3b-d Exposures'!Q20="",0,'3b-d Exposures'!Q20) | M18: =IF('3b-d Exposures'!S20="",0,'3b-d Exposures'!S20) | N18: =IF('3b-d Exposures'!Z20="",0,'3b-d Exposures'!Z20) | O18: =$D18 | P18: =E18*$D18 | Q18: =F18*$D18 | R18: =G18*$D18 | S18: =H18*$D18 | T18: =I18*$D18 | U18: =J18*$D18 | V18: =K18*$D18 | W18: =L18*$D18 | ... Y18: =N18*$D18 | Z18: =C18*$D18 | AA18: =$L978+$K978*E18+$J978*F18+$I978*G18+$H978*H18+$G978*I18+$F978*J18+$E978*K18+$D978*L18+$C978*M18+$B978*N18 | AB18: =C18-AA18 | AC18: =AB18^2
A19: BBG009KG1750 | B19: aci | C19: -0.020151175 | D19: =EXP(0.25*'3b-d Exposures'!G21) | E19: =IF('3b-d Exposures'!C21="",0,'3b-d Exposures'!C21) | F19: =IF('3b-d Exposures'!E21="",0,'3b-d Exposures'!E21) | G19: =IF('3b-d Exposures'!G21="",0,'3b-d Exposures'!G21) | H19: =IF('3b-d Exposures'!I21="",0,'3b-d Exposures'!I21) | I19: =IF('3b-d Exposures'!K21="",0,'3b-d Exposures'!K21) | J19: =IF('3b-d Exposures'!M21="",0,'3b-d Exposures'!M21) | K19: =IF('3b-d Exposures'!O21="",0,'3b-d Exposures'!O21) | L19: =IF('3b-d Exposures'!Q21="",0,'3b-d Exposures'!Q21) | M19: =IF('3b-d Exposures'!S21="",0,'3b-d Exposures'!S21) | N19: =IF('3b-d Exposures'!Z21="",0,'3b-d Exposures'!Z21) | O19: =$D19 | P19: =E19*$D19 | Q19: =F19*$D19 | R19: =G19*$D19 | S19: =H19*$D19 | T19: =I19*$D19 | U19: =J19*$D19 | V19: =K19*$D19 | W19: =L19*$D19 | ... Y19: =N19*$D19 | Z19: =C19*$D19 | AA19: =$L978+$K978*E19+$J978*F19+$I978*G19+$H978*H19+$G978*I19+$F978*J19+$E978*K19+$D978*L19+$C978*M19+$B978*N19 | AB19: =C19-AA19 | AC19: =AB19^2
A20: acn | B20: acn | C20: -0.0027320371 | D20: =EXP(0.25*'3b-d Exposures'!G22) | E20: =IF('3b-d Exposures'!C22="",0,'3b-d Exposures'!C22) | F20: =IF('3b-d Exposures'!E22="",0,'3b-d Exposures'!E22) | G20: =IF('3b-d Exposures'!G22="",0,'3b-d Exposures'!G22) | H20: =IF('3b-d Exposures'!I22="",0,'3b-d Exposures'!I22) | I20: =IF('3b-d Exposures'!K22="",0,'3b-d Exposures'!K22) | J20: =IF('3b-d Exposures'!M22="",0,'3b-d Exposures'!M22) | K20: =IF('3b-d Exposures'!O22="",0,'3b-d Exposures'!O22) | L20: =IF('3b-d Exposures'!Q22="",0,'3b-d Exposures'!Q22) | M20: =IF('3b-d Exposures'!S22="",0,'3b-d Exposures'!S22) | N20: =IF('3b-d Exposures'!Z22="",0,'3b-d Exposures'!Z22) | O20: =$D20 | P20: =E20*$D20 | Q20: =F20*$D20 | R20: =G20*$D20 | S20: =H20*$D20 | T20: =I20*$D20 | U20: =J20*$D20 | V20: =K20*$D20 | W20: =L20*$D20 | ... Y20: =N20*$D20 | Z20: =C20*$D20 | AA20: =$L978+$K978*E20+$J978*F20+$I978*G20+$H978*H20+$G978*I20+$F978*J20+$E978*K20+$D978*L20+$C978*M20+$B978*N20 | AB20: =C20-AA20 | AC20: =AB20^2
A21: BBG000KF9J02 | B21: actg | C21: -0.028571453 | D21: =EXP(0.25*'3b-d Exposures'!G23) | E21: =IF('3b-d Exposures'!C23="",0,'3b-d Exposures'!C23) | F21: =IF('3b-d Exposures'!E23="",0,'3b-d Exposures'!E23) | G21: =IF('3b-d Exposures'!G23="",0,'3b-d Exposures'!G23) | H21: =IF('3b-d Exposures'!I23="",0,'3b-d Exposures'!I23) | I21: =IF('3b-d Exposures'!K23="",0,'3b-d Exposures'!K23) | J21: =IF('3b-d Exposures'!M23="",0,'3b-d Exposures'!M23) | K21: =IF('3b-d Exposures'!O23="",0,'3b-d Exposures'!O23) | L21: =IF('3b-d Exposures'!Q23="",0,'3b-d Exposures'!Q23) | M21: =IF('3b-d Exposures'!S23="",0,'3b-d Exposures'!S23) | N21: =IF('3b-d Exposures'!Z23="",0,'3b-d Exposures'!Z23) | O21: =$D21 | P21: =E21*$D21 | Q21: =F21*$D21 | R21: =G21*$D21 | S21: =H21*$D21 | T21: =I21*$D21 | U21: =J21*$D21 | V21: =K21*$D21 | W21: =L21*$D21 | ... Y21: =N21*$D21 | Z21: =C21*$D21 | AA21: =$L978+$K978*E21+$J978*F21+$I978*G21+$H978*H21+$G978*I21+$F978*J21+$E978*K21+$D978*L21+$C978*M21+$B978*N21 | AB21: =C21-AA21 | AC21: =AB21^2
A22: BBG000BB5006 | B22: adbe | C22: 0.00052336467 | D22: =EXP(0.25*'3b-d Exposures'!G24) | E22: =IF('3b-d Exposures'!C24="",0,'3b-d Exposures'!C24) | F22: =IF('3b-d Exposures'!E24="",0,'3b-d Exposures'!E24) | G22: =IF('3b-d Exposures'!G24="",0,'3b-d Exposures'!G24) | H22: =IF('3b-d Exposures'!I24="",0,'3b-d Exposures'!I24) | I22: =IF('3b-d Exposures'!K24="",0,'3b-d Exposures'!K24) | J22: =IF('3b-d Exposures'!M24="",0,'3b-d Exposures'!M24) | K22: =IF('3b-d Exposures'!O24="",0,'3b-d Exposures'!O24) | L22: =IF('3b-d Exposures'!Q24="",0,'3b-d Exposures'!Q24) | M22: =IF('3b-d Exposures'!S24="",0,'3b-d Exposures'!S24) | N22: =IF('3b-d Exposures'!Z24="",0,'3b-d Exposures'!Z24) | O22: =$D22 | P22: =E22*$D22 | Q22: =F22*$D22 | R22: =G22*$D22 | S22: =H22*$D22 | T22: =I22*$D22 | U22: =J22*$D22 | V22: =K22*$D22 | W22: =L22*$D22 | ... Y22: =N22*$D22 | Z22: =C22*$D22 | AA22: =$L978+$K978*E22+$J978*F22+$I978*G22+$H978*H22+$G978*I22+$F978*J22+$E978*K22+$D978*L22+$C978*M22+$B978*N22 | AB22: =C22-AA22 | AC22: =AB22^2
A23: BBG000BC9DK0 | B23: adc | C23: -0.016926992 | D23: =EXP(0.25*'3b-d Exposures'!G25) | E23: =IF('3b-d Exposures'!C25="",0,'3b-d Exposures'!C25) | F23: =IF('3b-d Exposures'!E25="",0,'3b-d Exposures'!E25) | G23: =IF('3b-d Exposures'!G25="",0,'3b-d Exposures'!G25) | H23: =IF('3b-d Exposures'!I25="",0,'3b-d Exposures'!I25) | I23: =IF('3b-d Exposures'!K25="",0,'3b-d Exposures'!K25) | J23: =IF('3b-d Exposures'!M25="",0,'3b-d Exposures'!M25) | K23: =IF('3b-d Exposures'!O25="",0,'3b-d Exposures'!O25) | L23: =IF('3b-d Exposures'!Q25="",0,'3b-d Exposures'!Q25) | M23: =IF('3b-d Exposures'!S25="",0,'3b-d Exposures'!S25) | N23: =IF('3b-d Exposures'!Z25="",0,'3b-d Exposures'!Z25) | O23: =$D23 | P23: =E23*$D23 | Q23: =F23*$D23 | R23: =G23*$D23 | S23: =H23*$D23 | T23: =I23*$D23 | U23: =J23*$D23 | V23: =K23*$D23 | W23: =L23*$D23 | ... Y23: =N23*$D23 | Z23: =C23*$D23 | AA23: =$L978+$K978*E23+$J978*F23+$I978*G23+$H978*H23+$G978*I23+$F978*J23+$E978*K23+$D978*L23+$C978*M23+$B978*N23 | AB23: =C23-AA23 | AC23: =AB23^2
A24: BBG00RBFBL50 | B24: adea | C24: 0.032178373 | D24: =EXP(0.25*'3b-d Exposures'!G26) | E24: =IF('3b-d Exposures'!C26="",0,'3b-d Exposures'!C26) | F24: =IF('3b-d Exposures'!E26="",0,'3b-d Exposures'!E26) | G24: =IF('3b-d Exposures'!G26="",0,'3b-d Exposures'!G26) | H24: =IF('3b-d Exposures'!I26="",0,'3b-d Exposures'!I26) | I24: =IF('3b-d Exposures'!K26="",0,'3b-d Exposures'!K26) | J24: =IF('3b-d Exposures'!M26="",0,'3b-d Exposures'!M26) | K24: =IF('3b-d Exposures'!O26="",0,'3b-d Exposures'!O26) | L24: =IF('3b-d Exposures'!Q26="",0,'3b-d Exposures'!Q26) | M24: =IF('3b-d Exposures'!S26="",0,'3b-d Exposures'!S26) | N24: =IF('3b-d Exposures'!Z26="",0,'3b-d Exposures'!Z26) | O24: =$D24 | P24: =E24*$D24 | Q24: =F24*$D24 | R24: =G24*$D24 | S24: =H24*$D24 | T24: =I24*$D24 | U24: =J24*$D24 | V24: =K24*$D24 | W24: =L24*$D24 | ... Y24: =N24*$D24 | Z24: =C24*$D24 | AA24: =$L978+$K978*E24+$J978*F24+$I978*G24+$H978*H24+$G978*I24+$F978*J24+$E978*K24+$D978*L24+$C978*M24+$B978*N24 | AB24: =C24-AA24 | AC24: =AB24^2
A25: BBG000BB6G37 | B25: adi | C25: 0.0232516 | D25: =EXP(0.25*'3b-d Exposures'!G27) | E25: =IF('3b-d Exposures'!C27="",0,'3b-d Exposures'!C27) | F25: =IF('3b-d Exposures'!E27="",0,'3b-d Exposures'!E27) | G25: =IF('3b-d Exposures'!G27="",0,'3b-d Exposures'!G27) | H25: =IF('3b-d Exposures'!I27="",0,'3b-d Exposures'!I27) | I25: =IF('3b-d Exposures'!K27="",0,'3b-d Exposures'!K27) | J25: =IF('3b-d Exposures'!M27="",0,'3b-d Exposures'!M27) | K25: =IF('3b-d Exposures'!O27="",0,'3b-d Exposures'!O27) | L25: =IF('3b-d Exposures'!Q27="",0,'3b-d Exposures'!Q27) | M25: =IF('3b-d Exposures'!S27="",0,'3b-d Exposures'!S27) | N25: =IF('3b-d Exposures'!Z27="",0,'3b-d Exposures'!Z27) | O25: =$D25 | P25: =E25*$D25 | Q25: =F25*$D25 | R25: =G25*$D25 | S25: =H25*$D25 | T25: =I25*$D25 | U25: =J25*$D25 | V25: =K25*$D25 | W25: =L25*$D25 | ... Y25: =N25*$D25 | Z25: =C25*$D25 | AA25: =$L978+$K978*E25+$J978*F25+$I978*G25+$H978*H25+$G978*I25+$F978*J25+$E978*K25+$D978*L25+$C978*M25+$B978*N25 | AB25: =C25-AA25 | AC25: =AB25^2
A26: BBG000JG0547 | B26: adp | C26: -0.0029322873 | D26: =EXP(0.25*'3b-d Exposures'!G29) | E26: =IF('3b-d Exposures'!C29="",0,'3b-d Exposures'!C29) | F26: =IF('3b-d Exposures'!E29="",0,'3b-d Exposures'!E29) | G26: =IF('3b-d Exposures'!G29="",0,'3b-d Exposures'!G29) | H26: =IF('3b-d Exposures'!I29="",0,'3b-d Exposures'!I29) | I26: =IF('3b-d Exposures'!K29="",0,'3b-d Exposures'!K29) | J26: =IF('3b-d Exposures'!M29="",0,'3b-d Exposures'!M29) | K26: =IF('3b-d Exposures'!O29="",0,'3b-d Exposures'!O29) | L26: =IF('3b-d Exposures'!Q29="",0,'3b-d Exposures'!Q29) | M26: =IF('3b-d Exposures'!S29="",0,'3b-d Exposures'!S29) | N26: =IF('3b-d Exposures'!Z29="",0,'3b-d Exposures'!Z29) | O26: =$D26 | P26: =E26*$D26 | Q26: =F26*$D26 | R26: =G26*$D26 | S26: =H26*$D26 | T26: =I26*$D26 | U26: =J26*$D26 | V26: =K26*$D26 | W26: =L26*$D26 | ... Y26: =N26*$D26 | Z26: =C26*$D26 | AA26: =$L978+$K978*E26+$J978*F26+$I978*G26+$H978*H26+$G978*I26+$F978*J26+$E978*K26+$D978*L26+$C978*M26+$B978*N26 | AB26: =C26-AA26 | AC26: =AB26^2
A27: BBG000BM7HL0 | B27: adsk | C27: 0.016272696 | D27: =EXP(0.25*'3b-d Exposures'!G30) | E27: =IF('3b-d Exposures'!C30="",0,'3b-d Exposures'!C30) | F27: =IF('3b-d Exposures'!E30="",0,'3b-d Exposures'!E30) | G27: =IF('3b-d Exposures'!G30="",0,'3b-d Exposures'!G30) | H27: =IF('3b-d Exposures'!I30="",0,'3b-d Exposures'!I30) | I27: =IF('3b-d Exposures'!K30="",0,'3b-d Exposures'!K30) | J27: =IF('3b-d Exposures'!M30="",0,'3b-d Exposures'!M30) | K27: =IF('3b-d Exposures'!O30="",0,'3b-d Exposures'!O30) | L27: =IF('3b-d Exposures'!Q30="",0,'3b-d Exposures'!Q30) | M27: =IF('3b-d Exposures'!S30="",0,'3b-d Exposures'!S30) | N27: =IF('3b-d Exposures'!Z30="",0,'3b-d Exposures'!Z30) | O27: =$D27 | P27: =E27*$D27 | Q27: =F27*$D27 | R27: =G27*$D27 | S27: =H27*$D27 | T27: =I27*$D27 | U27: =J27*$D27 | V27: =K27*$D27 | W27: =L27*$D27 | ... Y27: =N27*$D27 | Z27: =C27*$D27 | AA27: =$L978+$K978*E27+$J978*F27+$I978*G27+$H978*H27+$G978*I27+$F978*J27+$E978*K27+$D978*L27+$C978*M27+$B978*N27 | AB27: =C27-AA27 | AC27: =AB27^2
A28: BBG000BP9WJ1 | B28: adt | C28: 0.0013123557 | D28: =EXP(0.25*'3b-d Exposures'!G31) | E28: =IF('3b-d Exposures'!C31="",0,'3b-d Exposures'!C31) | F28: =IF('3b-d Exposures'!E31="",0,'3b-d Exposures'!E31) | G28: =IF('3b-d Exposures'!G31="",0,'3b-d Exposures'!G31) | H28: =IF('3b-d Exposures'!I31="",0,'3b-d Exposures'!I31) | I28: =IF('3b-d Exposures'!K31="",0,'3b-d Exposures'!K31) | J28: =IF('3b-d Exposures'!M31="",0,'3b-d Exposures'!M31) | K28: =IF('3b-d Exposures'!O31="",0,'3b-d Exposures'!O31) | L28: =IF('3b-d Exposures'!Q31="",0,'3b-d Exposures'!Q31) | M28: =IF('3b-d Exposures'!S31="",0,'3b-d Exposures'!S31) | N28: =IF('3b-d Exposures'!Z31="",0,'3b-d Exposures'!Z31) | O28: =$D28 | P28: =E28*$D28 | Q28: =F28*$D28 | R28: =G28*$D28 | S28: =H28*$D28 | T28: =I28*$D28 | U28: =J28*$D28 | V28: =K28*$D28 | W28: =L28*$D28 | ... Y28: =N28*$D28 | Z28: =C28*$D28 | AA28: =$L978+$K978*E28+$J978*F28+$I978*G28+$H978*H28+$G978*I28+$F978*J28+$E978*K28+$D978*L28+$C978*M28+$B978*N28 | AB28: =C28-AA28 | AC28: =AB28^2
A29: BBG000B9X8C0 | B29: aee | C29: -0.015997508 | D29: =EXP(0.25*'3b-d Exposures'!G32) | E29: =IF('3b-d Exposures'!C32="",0,'3b-d Exposures'!C32) | F29: =IF('3b-d Exposures'!E32="",0,'3b-d Exposures'!E32) | G29: =IF('3b-d Exposures'!G32="",0,'3b-d Exposures'!G32) | H29: =IF('3b-d Exposures'!I32="",0,'3b-d Exposures'!I32) | I29: =IF('3b-d Exposures'!K32="",0,'3b-d Exposures'!K32) | J29: =IF('3b-d Exposures'!M32="",0,'3b-d Exposures'!M32) | K29: =IF('3b-d Exposures'!O32="",0,'3b-d Exposures'!O32) | L29: =IF('3b-d Exposures'!Q32="",0,'3b-d Exposures'!Q32) | M29: =IF('3b-d Exposures'!S32="",0,'3b-d Exposures'!S32) | N29: =IF('3b-d Exposures'!Z32="",0,'3b-d Exposures'!Z32) | O29: =$D29 | P29: =E29*$D29 | Q29: =F29*$D29 | R29: =G29*$D29 | S29: =H29*$D29 | T29: =I29*$D29 | U29: =J29*$D29 | V29: =K29*$D29 | W29: =L29*$D29 | ... Y29: =N29*$D29 | Z29: =C29*$D29 | AA29: =$L978+$K978*E29+$J978*F29+$I978*G29+$H978*H29+$G978*I29+$F978*J29+$E978*K29+$D978*L29+$C978*M29+$B978*N29 | AB29: =C29-AA29 | AC29: =AB29^2
A30: BBG000FKMP26 | B30: aeis | C30: 0.031814974 | D30: =EXP(0.25*'3b-d Exposures'!G33) | E30: =IF('3b-d Exposures'!C33="",0,'3b-d Exposures'!C33) | F30: =IF('3b-d Exposures'!E33="",0,'3b-d Exposures'!E33) | G30: =IF('3b-d Exposures'!G33="",0,'3b-d Exposures'!G33) | H30: =IF('3b-d Exposures'!I33="",0,'3b-d Exposures'!I33) | I30: =IF('3b-d Exposures'!K33="",0,'3b-d Exposures'!K33) | J30: =IF('3b-d Exposures'!M33="",0,'3b-d Exposures'!M33) | K30: =IF('3b-d Exposures'!O33="",0,'3b-d Exposures'!O33) | L30: =IF('3b-d Exposures'!Q33="",0,'3b-d Exposures'!Q33) | M30: =IF('3b-d Exposures'!S33="",0,'3b-d Exposures'!S33) | N30: =IF('3b-d Exposures'!Z33="",0,'3b-d Exposures'!Z33) | O30: =$D30 | P30: =E30*$D30 | Q30: =F30*$D30 | R30: =G30*$D30 | S30: =H30*$D30 | T30: =I30*$D30 | U30: =J30*$D30 | V30: =K30*$D30 | W30: =L30*$D30 | ... Y30: =N30*$D30 | Z30: =C30*$D30 | AA30: =$L978+$K978*E30+$J978*F30+$I978*G30+$H978*H30+$G978*I30+$F978*J30+$E978*K30+$D978*L30+$C978*M30+$B978*N30 | AB30: =C30-AA30 | AC30: =AB30^2
A31: BBG000DLVDK3 | B31: aem | C31: -0.018360402 | D31: =EXP(0.25*'3b-d Exposures'!G34) | E31: =IF('3b-d Exposures'!C34="",0,'3b-d Exposures'!C34) | F31: =IF('3b-d Exposures'!E34="",0,'3b-d Exposures'!E34) | G31: =IF('3b-d Exposures'!G34="",0,'3b-d Exposures'!G34) | H31: =IF('3b-d Exposures'!I34="",0,'3b-d Exposures'!I34) | I31: =IF('3b-d Exposures'!K34="",0,'3b-d Exposures'!K34) | J31: =IF('3b-d Exposures'!M34="",0,'3b-d Exposures'!M34) | K31: =IF('3b-d Exposures'!O34="",0,'3b-d Exposures'!O34) | L31: =IF('3b-d Exposures'!Q34="",0,'3b-d Exposures'!Q34) | M31: =IF('3b-d Exposures'!S34="",0,'3b-d Exposures'!S34) | N31: =IF('3b-d Exposures'!Z34="",0,'3b-d Exposures'!Z34) | O31: =$D31 | P31: =E31*$D31 | Q31: =F31*$D31 | R31: =G31*$D31 | S31: =H31*$D31 | T31: =I31*$D31 | U31: =J31*$D31 | V31: =K31*$D31 | W31: =L31*$D31 | ... Y31: =N31*$D31 | Z31: =C31*$D31 | AA31: =$L978+$K978*E31+$J978*F31+$I978*G31+$H978*H31+$G978*I31+$F978*J31+$E978*K31+$D978*L31+$C978*M31+$B978*N31 | AB31: =C31-AA31 | AC31: =AB31^2
A32: BBG000BGXZB5 | B32: aeo | C32: 0.035862867 | D32: =EXP(0.25*'3b-d Exposures'!G35) | E32: =IF('3b-d Exposures'!C35="",0,'3b-d Exposures'!C35) | F32: =IF('3b-d Exposures'!E35="",0,'3b-d Exposures'!E35) | G32: =IF('3b-d Exposures'!G35="",0,'3b-d Exposures'!G35) | H32: =IF('3b-d Exposures'!I35="",0,'3b-d Exposures'!I35) | I32: =IF('3b-d Exposures'!K35="",0,'3b-d Exposures'!K35) | J32: =IF('3b-d Exposures'!M35="",0,'3b-d Exposures'!M35) | K32: =IF('3b-d Exposures'!O35="",0,'3b-d Exposures'!O35) | L32: =IF('3b-d Exposures'!Q35="",0,'3b-d Exposures'!Q35) | M32: =IF('3b-d Exposures'!S35="",0,'3b-d Exposures'!S35) | N32: =IF('3b-d Exposures'!Z35="",0,'3b-d Exposures'!Z35) | O32: =$D32 | P32: =E32*$D32 | Q32: =F32*$D32 | R32: =G32*$D32 | S32: =H32*$D32 | T32: =I32*$D32 | U32: =J32*$D32 | V32: =K32*$D32 | W32: =L32*$D32 | ... Y32: =N32*$D32 | Z32: =C32*$D32 | AA32: =$L978+$K978*E32+$J978*F32+$I978*G32+$H978*H32+$G978*I32+$F978*J32+$E978*K32+$D978*L32+$C978*M32+$B978*N32 | AB32: =C32-AA32 | AC32: =AB32^2
A33: BBG000BB9KF2 | B33: aep | C33: -0.016423019 | D33: =EXP(0.25*'3b-d Exposures'!G36) | E33: =IF('3b-d Exposures'!C36="",0,'3b-d Exposures'!C36) | F33: =IF('3b-d Exposures'!E36="",0,'3b-d Exposures'!E36) | G33: =IF('3b-d Exposures'!G36="",0,'3b-d Exposures'!G36) | H33: =IF('3b-d Exposures'!I36="",0,'3b-d Exposures'!I36) | I33: =IF('3b-d Exposures'!K36="",0,'3b-d Exposures'!K36) | J33: =IF('3b-d Exposures'!M36="",0,'3b-d Exposures'!M36) | K33: =IF('3b-d Exposures'!O36="",0,'3b-d Exposures'!O36) | L33: =IF('3b-d Exposures'!Q36="",0,'3b-d Exposures'!Q36) | M33: =IF('3b-d Exposures'!S36="",0,'3b-d Exposures'!S36) | N33: =IF('3b-d Exposures'!Z36="",0,'3b-d Exposures'!Z36) | O33: =$D33 | P33: =E33*$D33 | Q33: =F33*$D33 | R33: =G33*$D33 | S33: =H33*$D33 | T33: =I33*$D33 | U33: =J33*$D33 | V33: =K33*$D33 | W33: =L33*$D33 | ... Y33: =N33*$D33 | Z33: =C33*$D33 | AA33: =$L978+$K978*E33+$J978*F33+$I978*G33+$H978*H33+$G978*I33+$F978*J33+$E978*K33+$D978*L33+$C978*M33+$B978*N33 | AB33: =C33-AA33 | AC33: =AB33^2
A34: BBG000C23KJ3 | B34: aes | C34: -0.0023005725 | D34: =EXP(0.25*'3b-d Exposures'!G37) | E34: =IF('3b-d Exposures'!C37="",0,'3b-d Exposures'!C37) | F34: =IF('3b-d Exposures'!E37="",0,'3b-d Exposures'!E37) | G34: =IF('3b-d Exposures'!G37="",0,'3b-d Exposures'!G37) | H34: =IF('3b-d Exposures'!I37="",0,'3b-d Exposures'!I37) | I34: =IF('3b-d Exposures'!K37="",0,'3b-d Exposures'!K37) | J34: =IF('3b-d Exposures'!M37="",0,'3b-d Exposures'!M37) | K34: =IF('3b-d Exposures'!O37="",0,'3b-d Exposures'!O37) | L34: =IF('3b-d Exposures'!Q37="",0,'3b-d Exposures'!Q37) | M34: =IF('3b-d Exposures'!S37="",0,'3b-d Exposures'!S37) | N34: =IF('3b-d Exposures'!Z37="",0,'3b-d Exposures'!Z37) | O34: =$D34 | P34: =E34*$D34 | Q34: =F34*$D34 | R34: =G34*$D34 | S34: =H34*$D34 | T34: =I34*$D34 | U34: =J34*$D34 | V34: =K34*$D34 | W34: =L34*$D34 | ... Y34: =N34*$D34 | Z34: =C34*$D34 | AA34: =$L978+$K978*E34+$J978*F34+$I978*G34+$H978*H34+$G978*I34+$F978*J34+$E978*K34+$D978*L34+$C978*M34+$B978*N34 | AB34: =C34-AA34 | AC34: =AB34^2
